event_id,date,lat,lon,period
1,2025-11-21,-23.54107382896916,-46.62016954924709,post
2,2025-10-15,-23.526847567479276,-46.64563765364581,pre
3,2025-12-11,-23.546305510803876,-46.61861077583414,post
4,2025-11-30,-23.54491284610438,-46.623004559869116,post
5,2025-10-21,-23.524994309519883,-46.640967240890035,pre
6,2025-12-22,-23.549396700245296,-46.618714077213696,post
7,2025-12-26,-23.534393207148558,-46.6191215168425,post
8,2025-12-14,-23.551196028819373,-46.620290498432645,post
9,2025-12-14,-23.551723261496775,-46.60833051331174,post
10,2025-12-27,-23.535457301252062,-46.62366375393118,post
11,2025-10-24,-23.53313700159698,-46.646513484748375,pre
12,2025-10-03,-23.52694297221682,-46.65004745496816,pre
13,2025-10-22,-23.526607067544987,-46.64375031465708,pre
14,2025-11-22,-23.543899381211748,-46.62008141929225,post
15,2025-10-02,-23.52929685279963,-46.646413656159,pre
16,2025-12-27,-23.544217631342118,-46.6235239685195,post
17,2025-10-30,-23.523677515694747,-46.64285642180093,pre
18,2025-11-07,-23.520804990298007,-46.639718070246914,pre
19,2025-10-02,-23.523088858391827,-46.64246973572814,pre
20,2025-12-03,-23.54377055399484,-46.61407471768037,post
21,2025-11-29,-23.54591317153415,-46.61881288258334,post
22,2025-10-21,-23.527198712596483,-46.64407454423355,pre
23,2025-11-02,-23.529906688797222,-46.64597005740343,pre
24,2025-12-15,-23.548113077805667,-46.61862252476431,post
25,2025-11-27,-23.540239176287105,-46.62137901349431,post
26,2025-10-22,-23.525711116209507,-46.64360988542042,pre
27,2025-12-28,-23.547643103679572,-46.61755094790082,post
28,2025-11-18,-23.541789861224963,-46.62857018394122,post
29,2025-11-28,-23.54553243600494,-46.62452810936483,post
30,2025-11-11,-23.54596375427866,-46.62368172626819,post
31,2025-11-29,-23.544585681482964,-46.62231965894053,post
32,2025-12-19,-23.545804562775285,-46.616570446286644,post
33,2025-10-15,-23.52472846401799,-46.6458155786012,pre
34,2025-12-01,-23.546622186931252,-46.619032827778405,post
35,2025-12-01,-23.54243832171319,-46.62341512095625,post
36,2025-11-16,-23.545335962667608,-46.613612775839655,post
37,2025-12-01,-23.546746192354085,-46.61335678164617,post
38,2025-11-20,-23.539985332229897,-46.61409833489978,post
39,2025-11-24,-23.546916287888276,-46.62167422349626,post
40,2025-12-03,-23.5461966552351,-46.6164929872323,post
41,2025-10-03,-23.528103051318016,-46.64007513802663,pre
42,2025-11-20,-23.54168680235523,-46.621192118122856,post
43,2025-10-07,-23.522504020797506,-46.642569280521094,pre
44,2025-10-21,-23.523897742844174,-46.644978813475674,pre
45,2025-12-12,-23.547293747256425,-46.61807541788297,post
46,2025-11-08,-23.525107479266996,-46.64202676934349,pre
47,2025-10-18,-23.527431065043814,-46.6368031620939,pre
48,2025-10-04,-23.52974975741276,-46.64768537203892,pre
49,2025-12-28,-23.540631333979345,-46.61755961446343,post
50,2025-11-29,-23.542984948884033,-46.622151808887615,post
51,2025-10-14,-23.52489273361243,-46.636116678811526,pre
52,2025-10-09,-23.518853361376376,-46.649625654821904,pre
53,2025-12-29,-23.546075680476992,-46.62292709305194,post
54,2025-11-22,-23.537893922113202,-46.63092517994626,post
55,2025-10-02,-23.5248584944208,-46.64402724123368,pre
56,2025-12-23,-23.53784754900181,-46.614995844639985,post
57,2025-11-29,-23.542937973060692,-46.62731889228285,post
58,2025-12-10,-23.54669555792934,-46.62285756430646,post
59,2025-11-13,-23.549705819177813,-46.61638166287256,post
60,2025-10-08,-23.530760279491822,-46.63513868996618,pre
61,2025-11-16,-23.53654870946382,-46.62254024104744,post
62,2025-11-04,-23.525414513889608,-46.64328913391228,pre
63,2025-12-17,-23.54079270079855,-46.615901290645745,post
64,2025-12-20,-23.543368012031518,-46.61912353316088,post
65,2025-11-05,-23.52826181279182,-46.64125314413244,pre
66,2025-11-19,-23.543748951684304,-46.624647177955005,post
67,2025-10-04,-23.526442111328027,-46.644532730071944,pre
68,2025-10-02,-23.52822848674545,-46.6475859648304,pre
69,2025-10-06,-23.52621249180025,-46.6461218960253,pre
70,2025-11-23,-23.54628443268921,-46.61669950289913,post
71,2025-10-04,-23.524503651696193,-46.64691506659145,pre
72,2025-11-23,-23.542992435728372,-46.620468877206946,post
73,2025-12-02,-23.537593215165867,-46.61546741999651,post
74,2025-10-18,-23.53100124617713,-46.63955548932417,pre
75,2025-12-29,-23.539339210993504,-46.61876256316509,post
76,2025-11-13,-23.545741648574776,-46.61134642433954,post
77,2025-11-03,-23.524445772157218,-46.63509382290509,pre
78,2025-12-13,-23.538994086282106,-46.61914346135911,post
79,2025-12-01,-23.546718803645895,-46.62109641951261,post
80,2025-10-14,-23.52706573735838,-46.6478580758226,pre
81,2025-11-17,-23.54179887370016,-46.61473058799216,post
82,2025-10-15,-23.527294910483654,-46.634345374003104,pre
83,2025-12-11,-23.550630331143445,-46.61678254580645,post
84,2025-12-17,-23.537713919058376,-46.62181612232393,post
85,2025-12-26,-23.54514422602057,-46.616828939296624,post
86,2025-12-01,-23.54237603556016,-46.62898964537384,post
87,2025-11-09,-23.528930119463617,-46.64305419819219,pre
88,2025-12-24,-23.54987879271874,-46.62289669726572,post
89,2025-12-19,-23.549778741700976,-46.622480682522216,post
90,2025-12-21,-23.545746490909284,-46.61959298129363,post
91,2025-11-22,-23.544767037295998,-46.618988841115836,post
92,2025-10-24,-23.525249367977576,-46.63887464002294,pre
93,2025-10-26,-23.52377865087712,-46.63992750465946,pre
94,2025-12-28,-23.531980530286134,-46.619610389453435,post
95,2025-11-29,-23.534025713984565,-46.619351126391024,post
96,2025-11-10,-23.544731403659224,-46.62249266072885,post
97,2025-10-29,-23.521870822604654,-46.63643798642845,pre
98,2025-10-15,-23.524600648432106,-46.63846581290199,pre
99,2025-11-14,-23.54950888186369,-46.62719511929005,post
100,2025-12-04,-23.53941469245681,-46.621507245991616,post
101,2025-12-28,-23.54140279033041,-46.62386915179982,post
102,2025-12-10,-23.53777204612118,-46.62716167468756,post
103,2025-10-09,-23.530556755259447,-46.63722275366515,pre
104,2025-12-27,-23.55483936717193,-46.61948572452762,post
105,2025-10-01,-23.52672197798679,-46.6459438076768,pre
106,2025-10-08,-23.52699981954577,-46.64639009397236,pre
107,2025-12-27,-23.538230976215807,-46.613782011646556,post
108,2025-12-02,-23.54714295034715,-46.61989790049013,post
109,2025-10-11,-23.530375229412808,-46.63870779136399,pre
110,2025-12-20,-23.540211963301427,-46.622181048930834,post
111,2025-10-08,-23.52634934482474,-46.64337506179809,pre
112,2025-11-04,-23.53125537350104,-46.6368159834096,pre
113,2025-11-04,-23.528700859716647,-46.64604059708903,pre
114,2025-11-02,-23.526851259563383,-46.639017805658554,pre
115,2025-10-05,-23.528173909645275,-46.650808740885616,pre
116,2025-11-10,-23.547947992242918,-46.61930343832368,post
117,2025-10-28,-23.51983074913657,-46.64803967986549,pre
118,2025-10-07,-23.53028950530244,-46.64905038200335,pre
119,2025-12-12,-23.550946899965197,-46.61617723415968,post
120,2025-12-11,-23.538421245698544,-46.620288976425684,post
121,2025-10-12,-23.527803138316422,-46.63583542485255,pre
122,2025-11-03,-23.52587827587503,-46.63864225316256,pre
123,2025-11-02,-23.527949346825164,-46.64282302458311,pre
124,2025-11-17,-23.549349366581787,-46.61848300411243,post
125,2025-10-23,-23.52582718674768,-46.64657825292966,pre
126,2025-12-01,-23.547924428598105,-46.61453616598665,post
127,2025-12-27,-23.536513324998154,-46.62185254134667,post
128,2025-11-06,-23.526196739281712,-46.64139954210141,pre
129,2025-11-13,-23.54380787296736,-46.62769719088216,post
130,2025-12-25,-23.54268851729124,-46.6293515561384,post
131,2025-11-04,-23.528598052573773,-46.640978291413504,pre
132,2025-12-04,-23.5420000231683,-46.62424029233684,post
133,2025-11-16,-23.54623374776075,-46.623375346036,post
134,2025-12-17,-23.544811376652543,-46.62110717738655,post
135,2025-10-03,-23.52439459561141,-46.64506758745156,pre
136,2025-10-01,-23.52527981142426,-46.64097193694205,pre
137,2025-10-05,-23.525805131867884,-46.6440384232898,pre
138,2025-12-29,-23.5436774181429,-46.61799303890643,post
139,2025-10-14,-23.52388244539685,-46.63573850926069,pre
140,2025-10-27,-23.52937007870892,-46.64476002956398,pre
141,2025-10-09,-23.531240405980803,-46.63927596214269,pre
142,2025-12-18,-23.545738030025426,-46.62017523607189,post
143,2025-10-15,-23.52821301570834,-46.64430681597991,pre
144,2025-12-29,-23.539507239578292,-46.618223066358055,post
145,2025-11-11,-23.544846088230635,-46.6179287443221,post
146,2025-12-16,-23.541240399679847,-46.62256570206675,post
147,2025-11-20,-23.550276318242545,-46.62459664650801,post
148,2025-12-02,-23.54976211441353,-46.61634226141603,post
149,2025-11-21,-23.53904753913421,-46.61465450447937,post
150,2025-10-04,-23.53245866664693,-46.63871439635851,pre
151,2025-10-23,-23.519763426071844,-46.63855204914476,pre
152,2025-10-15,-23.53285368885361,-46.63592680676641,pre
153,2025-11-12,-23.544233243851473,-46.62192959642601,post
154,2025-10-29,-23.52504671411025,-46.647196027690285,pre
155,2025-11-05,-23.526391652887234,-46.63651828141958,pre
156,2025-10-13,-23.52453280938843,-46.64276639411159,pre
157,2025-11-01,-23.526131175520216,-46.647725575933194,pre
158,2025-12-10,-23.544999951565597,-46.62753718134252,post
159,2025-11-28,-23.540310236190425,-46.629742841929904,post
160,2025-12-25,-23.540980398481516,-46.617082356396665,post
161,2025-10-28,-23.522443706152817,-46.642652563347355,pre
162,2025-12-05,-23.54073348613537,-46.621638986561464,post
163,2025-11-11,-23.54914678847075,-46.61487707042985,post
164,2025-11-14,-23.54478754331846,-46.62663804526989,post
165,2025-12-01,-23.546267259783157,-46.62270929873028,post
166,2025-11-26,-23.5425532123275,-46.61161181006651,post
167,2025-10-06,-23.52483274416015,-46.642172624592014,pre
168,2025-10-28,-23.519032671401312,-46.63908442584035,pre
169,2025-10-28,-23.525637252387593,-46.64491764743527,pre
170,2025-11-13,-23.543135199695183,-46.621265561616376,post
171,2025-12-23,-23.544034263489763,-46.61574239030092,post
172,2025-10-30,-23.528020966549413,-46.640945837167344,pre
173,2025-12-01,-23.54060424004065,-46.6236484500673,post
174,2025-12-14,-23.547690485661956,-46.621601367690324,post
175,2025-12-28,-23.546246518361027,-46.616390669565035,post
176,2025-12-01,-23.54840707311426,-46.62072611452589,post
177,2025-10-01,-23.518761854999784,-46.64134777386486,pre
178,2025-10-27,-23.524662129567083,-46.63835727001721,pre
179,2025-12-01,-23.5462517962617,-46.62532567851498,post
180,2025-12-16,-23.54369395489535,-46.619938384686606,post
181,2025-10-03,-23.531254632384137,-46.64149971234127,pre
182,2025-12-09,-23.540120598005196,-46.6246517922921,post
183,2025-12-11,-23.5426577766065,-46.61743094535852,post
184,2025-10-27,-23.52463996537441,-46.640275975045036,pre
185,2025-10-09,-23.52713440072542,-46.64751001735096,pre
186,2025-12-01,-23.546188585849535,-46.62334422840748,post
187,2025-11-06,-23.52664077713862,-46.63862691637816,pre
188,2025-11-20,-23.549647360512655,-46.62042299990873,post
189,2025-11-13,-23.54865360658207,-46.623960187671294,post
190,2025-10-24,-23.524723777742164,-46.64775978021346,pre
191,2025-12-18,-23.54146302284119,-46.6264086577865,post
192,2025-11-28,-23.541732078386246,-46.627198125078316,post
193,2025-11-01,-23.52825343803777,-46.63541402246748,pre
194,2025-12-27,-23.53756581452093,-46.62265009861007,post
195,2025-11-21,-23.54284015765588,-46.616183727924465,post
196,2025-12-01,-23.54167481530232,-46.62209385698582,post
197,2025-11-27,-23.547394541256146,-46.61752758742817,post
198,2025-11-21,-23.53987718676554,-46.614137192662426,post
199,2025-10-12,-23.53146174827036,-46.648012499152806,pre
200,2025-11-08,-23.522914229193557,-46.649206122187,pre
201,2025-10-02,-23.522684350135265,-46.64385973002394,pre
202,2025-10-03,-23.52796274145801,-46.64217828561492,pre
203,2025-11-25,-23.54978147380894,-46.61770394067761,post
204,2025-12-20,-23.537641452009222,-46.61751769513675,post
205,2025-11-28,-23.545386034770218,-46.627152142831065,post
206,2025-10-02,-23.530898762368608,-46.64831857320896,pre
207,2025-10-02,-23.526436834831337,-46.64254639974691,pre
208,2025-11-23,-23.540926225957037,-46.628184115945935,post
209,2025-12-26,-23.53915515907843,-46.61822237472422,post
210,2025-10-01,-23.527380508879187,-46.64775904616693,pre
211,2025-10-19,-23.522652578074926,-46.64420037584495,pre
212,2025-10-02,-23.52646005669803,-46.64146555211685,pre
213,2025-11-22,-23.548052795623125,-46.622128722316106,post
214,2025-11-13,-23.54093873239192,-46.617943615686016,post
215,2025-12-29,-23.541307571173217,-46.625620719004566,post
216,2025-11-01,-23.527109741052186,-46.644585575340194,pre
217,2025-12-09,-23.5426992846309,-46.61965736804141,post
218,2025-11-01,-23.52593371800777,-46.63313706417832,pre
219,2025-12-07,-23.545563224320574,-46.62263129234427,post
220,2025-11-24,-23.549026998681345,-46.62715138930372,post
221,2025-12-14,-23.549281269508864,-46.623874727701775,post
222,2025-11-25,-23.539159707622247,-46.62084334438256,post
223,2025-10-17,-23.52582000799914,-46.64338509323281,pre
224,2025-11-07,-23.525304097020932,-46.63739171141113,pre
225,2025-10-24,-23.532381792508804,-46.63812665073766,pre
226,2025-12-08,-23.55446015381014,-46.62088718915391,post
227,2025-12-09,-23.535632370581023,-46.61827736824188,post
228,2025-12-25,-23.542907764258718,-46.61299221613279,post
229,2025-10-11,-23.528509188694002,-46.64126413031014,pre
230,2025-10-16,-23.52466564870758,-46.64508960853691,pre
231,2025-12-12,-23.546136440717984,-46.6231751177329,post
232,2025-11-28,-23.544050740103966,-46.618813233576915,post
233,2025-12-09,-23.54390707890834,-46.618162152730285,post
234,2025-12-19,-23.552276589143894,-46.62187300465497,post
235,2025-10-03,-23.529470257931052,-46.64179310994927,pre
236,2025-10-20,-23.525539247713983,-46.64346248845983,pre
237,2025-11-28,-23.54235888395787,-46.617008749126946,post
238,2025-11-05,-23.526581561566918,-46.6472067795524,pre
239,2025-10-19,-23.531143772712756,-46.64285555929868,pre
240,2025-12-29,-23.543432533193947,-46.62487809555808,post
241,2025-12-06,-23.541496932707346,-46.6228358275433,post
242,2025-10-19,-23.53136929859551,-46.63797425463062,pre
243,2025-10-20,-23.522968036242393,-46.65106239774666,pre
244,2025-12-10,-23.546650401126616,-46.62340633472566,post
245,2025-11-21,-23.53784204536233,-46.62139717084017,post
246,2025-11-02,-23.530887634594166,-46.63947158087104,pre
247,2025-11-09,-23.5300923266373,-46.644041361962884,pre
248,2025-11-08,-23.52870930663364,-46.64524182039312,pre
249,2025-12-21,-23.540650967641742,-46.614914679354676,post
250,2025-10-01,-23.530223106239138,-46.64049569429797,pre
251,2025-10-11,-23.52859826088907,-46.645806687640096,pre
252,2025-11-26,-23.54243745511431,-46.625111611062856,post
253,2025-12-28,-23.542517589596898,-46.618079546573966,post
254,2025-11-19,-23.546130129046794,-46.61569168759195,post
255,2025-10-23,-23.530218473836182,-46.63761837523755,pre
256,2025-10-31,-23.532231962288453,-46.63220114343832,pre
257,2025-11-11,-23.54602480895449,-46.625649228625555,post
258,2025-10-07,-23.52709801572556,-46.6471859117705,pre
259,2025-10-16,-23.525239104103434,-46.63752937067412,pre
260,2025-12-29,-23.548373824904225,-46.61868240304331,post
261,2025-11-29,-23.550530941475582,-46.61686818106709,post
262,2025-10-02,-23.525151290899217,-46.63869526671468,pre
263,2025-10-01,-23.526767040707924,-46.64474062639142,pre
264,2025-11-17,-23.54113553025577,-46.626232194086235,post
265,2025-10-12,-23.531628472995198,-46.64301984793616,pre
266,2025-12-08,-23.545958386427436,-46.61878466667287,post
267,2025-11-06,-23.523125345727056,-46.640867943683396,pre
268,2025-11-01,-23.523364290064517,-46.64171579066667,pre
269,2025-10-09,-23.524916212755034,-46.64346662883933,pre
270,2025-10-19,-23.525004863616953,-46.64233338868575,pre
271,2025-11-17,-23.543099292813885,-46.621666896132346,post
272,2025-12-19,-23.541164283198114,-46.623841810199345,post
273,2025-10-03,-23.52645504706271,-46.63775286439917,pre
274,2025-10-20,-23.529246165468763,-46.65164738184701,pre
275,2025-10-24,-23.525300628501103,-46.644027817961415,pre
276,2025-11-23,-23.540356551038514,-46.62152206031959,post
277,2025-11-02,-23.52821301721469,-46.64330326958327,pre
278,2025-10-24,-23.52312079424016,-46.64069852149123,pre
279,2025-12-14,-23.55413560902619,-46.62025693003166,post
280,2025-12-11,-23.543456951470393,-46.62107299986081,post
281,2025-11-05,-23.528232669674704,-46.63822187250197,pre
282,2025-11-07,-23.522667898155593,-46.65181264184331,pre
283,2025-12-23,-23.547591837910964,-46.621578922605146,post
284,2025-12-28,-23.540605967185133,-46.62086058849444,post
285,2025-10-25,-23.528450781400494,-46.64016186569077,pre
286,2025-10-18,-23.527034008256653,-46.64346960343662,pre
287,2025-12-21,-23.544508633733617,-46.61870276623665,post
288,2025-12-05,-23.545634198406695,-46.61825221402941,post
289,2025-11-23,-23.54469227587363,-46.625268066345676,post
290,2025-11-04,-23.526510328917084,-46.64706085361258,pre
291,2025-12-19,-23.544236052840894,-46.61768210428308,post
292,2025-11-30,-23.548694516024007,-46.619542906376786,post
293,2025-11-10,-23.547716149833413,-46.62019319776034,post
294,2025-11-02,-23.52381938727394,-46.65151805229644,pre
295,2025-12-07,-23.548857903307486,-46.62247591778044,post
296,2025-11-02,-23.525454878532454,-46.64366553331743,pre
297,2025-10-14,-23.526537642345943,-46.634828061898595,pre
298,2025-10-21,-23.530037371836546,-46.63845805993455,pre
299,2025-11-17,-23.545799912508617,-46.61880210083001,post
300,2025-10-20,-23.520013160332763,-46.64024528790526,pre
301,2025-10-08,-23.52528251287063,-46.636603510659405,pre
302,2025-10-07,-23.52302560406622,-46.646197576304644,pre
303,2025-12-06,-23.543221901030183,-46.627869982936566,post
304,2025-10-17,-23.52802046016512,-46.6417437881296,pre
305,2025-11-02,-23.52820631605834,-46.64190653301611,pre
306,2025-11-17,-23.544453538462612,-46.61885433307042,post
307,2025-12-15,-23.54609679608811,-46.62476059565775,post
308,2025-11-28,-23.538487492695307,-46.62298278697076,post
309,2025-12-25,-23.54175995762753,-46.61525901189411,post
310,2025-10-22,-23.525911990003006,-46.64642522627777,pre
311,2025-10-30,-23.52693582992364,-46.638929836333574,pre
312,2025-11-07,-23.525781257362784,-46.647820567168814,pre
313,2025-11-20,-23.542013424665864,-46.6179218741238,post
314,2025-11-23,-23.54582124754447,-46.618559022497585,post
315,2025-10-08,-23.525664944213617,-46.64378971815457,pre
316,2025-10-27,-23.53028060723078,-46.63868818441958,pre
317,2025-10-27,-23.52412236700024,-46.6406644548225,pre
318,2025-10-21,-23.521766421988964,-46.63921922509195,pre
319,2025-10-30,-23.524340301981542,-46.651852909392105,pre
320,2025-10-28,-23.522809315144592,-46.642667677942875,pre
321,2025-12-03,-23.54315003327897,-46.61972266724123,post
322,2025-12-08,-23.54130466902543,-46.6165112998848,post
323,2025-11-30,-23.541863035427763,-46.619098857642726,post
324,2025-11-17,-23.543473949042816,-46.63440644206762,post
325,2025-10-19,-23.52726277305835,-46.64676635806941,pre
326,2025-10-04,-23.52276778138318,-46.64052385120686,pre
327,2025-11-04,-23.52777441096164,-46.644430868729074,pre
328,2025-12-03,-23.54597592545321,-46.62264730461728,post
329,2025-11-18,-23.550178229774097,-46.62764511797312,post
330,2025-10-17,-23.526312859682854,-46.63869874344256,pre
331,2025-11-13,-23.54655075878971,-46.6197862209963,post
332,2025-10-30,-23.524197217248467,-46.646973512822335,pre
333,2025-11-15,-23.54447990171488,-46.623666081925094,post
334,2025-10-06,-23.521581641524506,-46.63675016197255,pre
335,2025-11-06,-23.529377028519622,-46.641456462467666,pre
336,2025-10-24,-23.52319720209756,-46.639606681998494,pre
337,2025-11-15,-23.54407374786006,-46.61577377015294,post
338,2025-11-22,-23.548018058755957,-46.62221237177758,post
339,2025-11-29,-23.547910569679036,-46.6178700260212,post
340,2025-12-02,-23.546730547497198,-46.62168499670175,post
341,2025-12-24,-23.541929318526936,-46.61820700034489,post
342,2025-11-01,-23.529121379038763,-46.63877337886491,pre
343,2025-12-26,-23.54257724132533,-46.62532681135832,post
344,2025-11-02,-23.530383147687267,-46.64306327884105,pre
345,2025-12-06,-23.540999624042733,-46.6174971365504,post
346,2025-10-18,-23.525331499368324,-46.64280530064669,pre
347,2025-10-25,-23.52486478699276,-46.646421322057556,pre
348,2025-11-23,-23.537652048547898,-46.614304246327514,post
349,2025-11-27,-23.54268475074152,-46.62021079832003,post
350,2025-12-06,-23.546045683890636,-46.61888500461681,post
351,2025-11-15,-23.547165269484065,-46.629894448123984,post
352,2025-10-24,-23.534542321901473,-46.646197993332656,pre
353,2025-11-01,-23.525930865631246,-46.64167211306419,pre
354,2025-11-16,-23.546347028034038,-46.62043265933143,post
355,2025-12-25,-23.545496913428217,-46.6249972510306,post
356,2025-10-23,-23.526561233526905,-46.639748171550536,pre
357,2025-12-05,-23.548216246990986,-46.62481441845208,post
358,2025-10-27,-23.529607751781857,-46.650746074938034,pre
359,2025-10-02,-23.52784060712244,-46.640143655548194,pre
360,2025-12-29,-23.543704335664664,-46.62167700353623,post
361,2025-10-17,-23.52601280560528,-46.644955925949716,pre
362,2025-11-02,-23.53224365991179,-46.63986512487274,pre
363,2025-10-09,-23.523186626278644,-46.64591262710427,pre
364,2025-11-12,-23.545003342482424,-46.62194799668424,post
365,2025-11-17,-23.5429948447623,-46.614240426173495,post
366,2025-11-08,-23.52292062626413,-46.64450765690166,pre
367,2025-11-11,-23.542230144553997,-46.61598257252571,post
368,2025-10-26,-23.525174964506814,-46.64301879761776,pre
369,2025-11-19,-23.54261599962133,-46.62381308609026,post
370,2025-10-25,-23.52807184337231,-46.647256136940804,pre
371,2025-10-24,-23.525478806450288,-46.64352561162409,pre
372,2025-10-13,-23.528869354184042,-46.643656717646486,pre
373,2025-11-29,-23.54252000695695,-46.61334115077601,post
374,2025-10-07,-23.52336379640589,-46.65213659142993,pre
375,2025-11-26,-23.543442766132717,-46.61528270294915,post
376,2025-11-05,-23.53041362047363,-46.64079376291915,pre
377,2025-11-14,-23.545346568742122,-46.61639883787634,post
378,2025-10-20,-23.525187228414957,-46.64653606181824,pre
379,2025-12-04,-23.545203405913163,-46.62156678270419,post
380,2025-10-08,-23.52676953464443,-46.6385229482209,pre
381,2025-10-16,-23.52892785976417,-46.638987794761356,pre
382,2025-10-14,-23.527306749027762,-46.642105955574685,pre
383,2025-12-15,-23.544110489654877,-46.62108722135233,post
384,2025-12-26,-23.54445441133778,-46.61517056576692,post
385,2025-10-15,-23.52387265022528,-46.64445086275832,pre
386,2025-12-05,-23.53806885098351,-46.61990127570403,post
387,2025-11-01,-23.525327127222027,-46.64634927631732,pre
388,2025-12-26,-23.54638999463362,-46.62375401403171,post
389,2025-12-02,-23.544055708540025,-46.61844486768221,post
390,2025-12-25,-23.54293107080231,-46.614647823375726,post
391,2025-11-20,-23.547951032020844,-46.620540523825845,post
392,2025-10-25,-23.530248817987893,-46.64668748388642,pre
393,2025-11-27,-23.539341686490644,-46.622852659465885,post
394,2025-12-02,-23.54761345518424,-46.629519907502335,post
395,2025-12-01,-23.547653418591157,-46.62182112109678,post
396,2025-10-22,-23.530472208879356,-46.644051133555934,pre
397,2025-11-27,-23.539317475757368,-46.62382922136131,post
398,2025-11-27,-23.54817353219748,-46.625495605867464,post
399,2025-12-25,-23.548967056370063,-46.61885769021245,post
400,2025-11-18,-23.544205325052467,-46.6171725724829,post
401,2025-11-21,-23.53632064843338,-46.62832156452764,post
402,2025-11-11,-23.542879685166234,-46.62547447733774,post
403,2025-12-09,-23.541244402807866,-46.622087648004296,post
404,2025-10-15,-23.526318031717405,-46.64813270971172,pre
405,2025-11-23,-23.546105708100452,-46.62064135099557,post
406,2025-11-29,-23.538975687412773,-46.624178242109636,post
407,2025-10-08,-23.52805207471459,-46.63922284143127,pre
408,2025-11-22,-23.547837361134796,-46.61643045942411,post
409,2025-11-29,-23.544436346298905,-46.619787508153635,post
410,2025-10-05,-23.525297433092472,-46.64546488221363,pre
411,2025-12-07,-23.54284045272211,-46.62408947913726,post
412,2025-10-06,-23.527906309012295,-46.64076523613587,pre
413,2025-11-16,-23.543226424177433,-46.62129985980336,post
414,2025-11-24,-23.54943492659705,-46.6250366331574,post
415,2025-11-09,-23.525569872868285,-46.64007143774606,pre
416,2025-11-21,-23.54883858201808,-46.62435930098981,post
417,2025-10-16,-23.525997444477465,-46.64254884854948,pre
418,2025-10-13,-23.53127187162628,-46.64235374794624,pre
419,2025-10-30,-23.52819510343069,-46.636435813481086,pre
420,2025-10-19,-23.52565240437179,-46.6413141062005,pre
421,2025-10-17,-23.525057922093428,-46.64785570952261,pre
422,2025-12-02,-23.536624492427563,-46.62749164498981,post
423,2025-10-19,-23.524012890574898,-46.64052534425008,pre
424,2025-11-27,-23.546308009519652,-46.61833419873315,post
425,2025-11-24,-23.545670292795293,-46.62370184577942,post
426,2025-12-29,-23.542521763322586,-46.625026243964356,post
427,2025-12-29,-23.54529702063503,-46.623376706994925,post
428,2025-12-01,-23.54574391803829,-46.619269085603484,post
429,2025-10-23,-23.528183099117037,-46.64376929565229,pre
430,2025-10-09,-23.527909435755703,-46.6372240133377,pre
431,2025-10-12,-23.525372162805358,-46.642119721468134,pre
432,2025-10-01,-23.524349744486127,-46.6453765383071,pre
433,2025-11-27,-23.5409629711,-46.61961528901667,post
434,2025-10-01,-23.531082672708262,-46.6487121233324,pre
435,2025-11-03,-23.52811689115835,-46.648284025983465,pre
436,2025-11-17,-23.545353113842797,-46.625054951965666,post
437,2025-12-28,-23.544790892212283,-46.61535316249628,post
438,2025-10-01,-23.52654813071067,-46.644211857819606,pre
439,2025-10-16,-23.525235272056644,-46.64578567917169,pre
440,2025-11-30,-23.541026342762414,-46.619019148187505,post
441,2025-12-03,-23.544244537751805,-46.62038273667347,post
442,2025-12-02,-23.53623301635775,-46.61723075115893,post
443,2025-12-08,-23.535601893475356,-46.61887187922683,post
444,2025-10-22,-23.53081507432801,-46.64404869481145,pre
445,2025-12-06,-23.55120081949819,-46.618886787861335,post
446,2025-12-15,-23.54141838321062,-46.624543663983836,post
447,2025-10-26,-23.52836690913894,-46.64240499641506,pre
448,2025-10-16,-23.529994312189793,-46.64809263907697,pre
449,2025-11-20,-23.539445471807834,-46.62054115752735,post
450,2025-12-25,-23.546632437430823,-46.627768475554234,post
451,2025-11-26,-23.54099059457242,-46.62373807284887,post
452,2025-10-29,-23.520817946662387,-46.63956275960923,pre
453,2025-12-17,-23.54763256741763,-46.623861886788525,post
454,2025-12-08,-23.537512595348222,-46.62133703778734,post
455,2025-11-16,-23.546453244913295,-46.62088911324609,post
456,2025-12-01,-23.546471650600214,-46.62003580609157,post
457,2025-12-08,-23.544703294486073,-46.617497968077956,post
458,2025-12-15,-23.545954296412955,-46.62453926546676,post
459,2025-10-16,-23.527446954089868,-46.6444203355929,pre
460,2025-12-29,-23.544710135260775,-46.61846183884777,post
461,2025-12-29,-23.54208036413011,-46.61620136529657,post
462,2025-11-17,-23.547645958710934,-46.619445119507795,post
463,2025-12-24,-23.541490720611918,-46.62369688162525,post
464,2025-11-08,-23.527022893158946,-46.64999991149688,pre
465,2025-11-02,-23.523679426914622,-46.64386199280928,pre
466,2025-10-23,-23.523980307469955,-46.64217580192848,pre
467,2025-10-10,-23.526955495686924,-46.64937121119741,pre
468,2025-12-08,-23.550059810442864,-46.63137258473737,post
469,2025-11-03,-23.528087840448485,-46.633887005187276,pre
470,2025-11-21,-23.549551789558073,-46.631525727533685,post
471,2025-10-10,-23.523511993241243,-46.63354512852281,pre
472,2025-10-19,-23.52550623680422,-46.64184507042112,pre
473,2025-11-27,-23.545639528294576,-46.62817702892204,post
474,2025-10-01,-23.53075213575323,-46.644267013317595,pre
475,2025-12-08,-23.546433821360118,-46.62146069171108,post
476,2025-10-04,-23.523912025528215,-46.645327351327666,pre
477,2025-10-16,-23.523850849730785,-46.645301158839615,pre
478,2025-10-24,-23.5232852812214,-46.64265452973171,pre
479,2025-12-19,-23.546143321363687,-46.62072282375781,post
480,2025-10-02,-23.527280616526472,-46.64254746304928,pre
481,2025-11-01,-23.524125681404445,-46.643348862393665,pre
482,2025-12-23,-23.545878275411415,-46.62549406481965,post
483,2025-10-24,-23.524662465942125,-46.64160691109439,pre
484,2025-10-12,-23.52994582855278,-46.63965802288832,pre
485,2025-11-19,-23.549192736130408,-46.61688311283507,post
486,2025-11-04,-23.52433641001844,-46.64132133790961,pre
487,2025-11-02,-23.5275309854775,-46.640696880869335,pre
488,2025-11-02,-23.523170884014274,-46.64063059231557,pre
489,2025-11-30,-23.547081000086905,-46.61993037207058,post
490,2025-11-20,-23.53987186005482,-46.61220360727778,post
491,2025-11-12,-23.545220851897998,-46.617568467575474,post
492,2025-10-12,-23.522996558439747,-46.64624961999596,pre
493,2025-12-06,-23.537271686727752,-46.62526073873634,post
494,2025-12-04,-23.541164057939866,-46.61977872088181,post
495,2025-11-02,-23.526233273320006,-46.63281266687421,pre
496,2025-11-09,-23.52730376570598,-46.644269382370915,pre
497,2025-12-13,-23.53907408477041,-46.617952784887656,post
498,2025-11-12,-23.539271604316166,-46.62053252247064,post
499,2025-11-13,-23.543132229531953,-46.613396257548025,post
500,2025-10-29,-23.52890786223874,-46.64341150817637,pre
501,2025-10-13,-23.524005237785722,-46.643783443280356,pre
502,2025-10-12,-23.52811043763785,-46.640526061948854,pre
503,2025-11-15,-23.539056777334032,-46.62156333745123,post
504,2025-10-02,-23.52690576886243,-46.645590752102734,pre
505,2025-11-04,-23.527287930530218,-46.63866557568068,pre
506,2025-12-26,-23.544075748517226,-46.62421996264372,post
507,2025-12-20,-23.543350550478706,-46.61679522395606,post
508,2025-12-29,-23.54664754265419,-46.62631442087839,post
509,2025-10-08,-23.51982752452038,-46.648514117400175,pre
510,2025-10-26,-23.527477067691567,-46.64207148595256,pre
511,2025-12-13,-23.545489710804976,-46.62129964337862,post
512,2025-12-29,-23.542092647328502,-46.63056688663085,post
513,2025-11-03,-23.53020068341457,-46.64282296245572,pre
514,2025-10-07,-23.52761265103592,-46.6424823549669,pre
515,2025-12-07,-23.543489386869474,-46.62946367998189,post
516,2025-11-27,-23.53930543867139,-46.622993071532406,post
517,2025-12-14,-23.547862052739102,-46.62016657881617,post
518,2025-10-29,-23.526078519316652,-46.638213236729385,pre
519,2025-11-05,-23.525584380511688,-46.6383675566079,pre
520,2025-12-28,-23.54815270950171,-46.620432555779175,post
521,2025-10-21,-23.529744243121975,-46.64260929657776,pre
522,2025-11-05,-23.526742863866804,-46.6436291897008,pre
523,2025-10-10,-23.526845582657085,-46.640054442119265,pre
524,2025-12-12,-23.55082943862801,-46.624599151451136,post
525,2025-10-24,-23.526521715480236,-46.647714652357884,pre
526,2025-12-03,-23.544215543575195,-46.621203410084966,post
527,2025-11-18,-23.55001502658021,-46.62681266058502,post
528,2025-11-05,-23.534271364706647,-46.64788268019873,pre
529,2025-12-21,-23.544342706967157,-46.620375248708235,post
530,2025-10-24,-23.525794301321113,-46.64611167525067,pre
531,2025-10-23,-23.526454910452063,-46.64141102156304,pre
532,2025-12-01,-23.549472142198002,-46.62050668370244,post
533,2025-11-06,-23.524430556364493,-46.64496308851929,pre
534,2025-10-12,-23.52321329700895,-46.6448697373753,pre
535,2025-11-24,-23.54784024342049,-46.618772635285794,post
536,2025-10-13,-23.5203001186916,-46.64265858552445,pre
537,2025-10-23,-23.524495276587658,-46.645034868884395,pre
538,2025-12-28,-23.549366464879185,-46.6203349374164,post
539,2025-10-30,-23.525426800084634,-46.644431644361525,pre
540,2025-10-17,-23.524506830445933,-46.64561632003926,pre
541,2025-12-01,-23.548008345063405,-46.616757428278056,post
542,2025-12-23,-23.540138609493834,-46.62353737242334,post
543,2025-12-28,-23.53752459803838,-46.622148426770124,post
544,2025-12-25,-23.544060868541425,-46.6213386101674,post
545,2025-10-13,-23.524828719347664,-46.641914314024795,pre
546,2025-11-28,-23.543368151353672,-46.62507824652688,post
547,2025-10-19,-23.53146568695037,-46.63843135988699,pre
548,2025-11-18,-23.54658178399576,-46.62119613349373,post
549,2025-10-12,-23.52541960327033,-46.636483961586606,pre
550,2025-11-30,-23.54375456830143,-46.6225791902517,post
551,2025-10-19,-23.52797063314386,-46.64314942736497,pre
552,2025-12-15,-23.54803745907856,-46.620884497107404,post
553,2025-10-09,-23.526556059065374,-46.636433892205424,pre
554,2025-12-10,-23.54473440455436,-46.628697952644195,post
555,2025-10-28,-23.51837946708881,-46.63917266507538,pre
556,2025-12-17,-23.536070605023617,-46.62562927994794,post
557,2025-11-21,-23.545287307125026,-46.61830239503402,post
558,2025-12-22,-23.542254434510863,-46.619772249170566,post
559,2025-10-16,-23.5329988321555,-46.64984975783026,pre
560,2025-12-08,-23.538329919563743,-46.61421868186852,post
561,2025-10-12,-23.52671995387431,-46.637438290102374,pre
562,2025-10-25,-23.52946968329843,-46.646177704213876,pre
563,2025-11-21,-23.54880912128745,-46.624399678182755,post
564,2025-12-24,-23.54150921596191,-46.62444940949226,post
565,2025-11-22,-23.53544102784029,-46.61915971757461,post
566,2025-10-23,-23.523146418860513,-46.6410402376688,pre
567,2025-10-16,-23.522757191048623,-46.646471999998155,pre
568,2025-11-26,-23.538612265847203,-46.620436244457636,post
569,2025-11-08,-23.52277220166709,-46.648758256213505,pre
570,2025-11-22,-23.543677667173565,-46.62041904513288,post
571,2025-11-11,-23.546876945859918,-46.61974752468101,post
572,2025-11-27,-23.538241572607994,-46.62378460943585,post
573,2025-11-08,-23.523514436931386,-46.64750969222459,pre
574,2025-10-14,-23.520071666216072,-46.639861598726256,pre
575,2025-10-05,-23.521224648003223,-46.64031175792363,pre
576,2025-11-04,-23.52522816046681,-46.639828268238055,pre
577,2025-12-26,-23.544945789853415,-46.62747133562223,post
578,2025-12-14,-23.542610402614134,-46.624022013338404,post
579,2025-10-18,-23.529704985746136,-46.640454827326245,pre
580,2025-12-15,-23.5455164338996,-46.616889182373576,post
581,2025-10-09,-23.528766822306277,-46.64488331590606,pre
582,2025-12-13,-23.539798815894795,-46.61988062935601,post
583,2025-11-27,-23.550309312163623,-46.61996895646856,post
584,2025-10-17,-23.521956284354232,-46.644914309778486,pre
585,2025-10-07,-23.52460582691064,-46.64639754766063,pre
586,2025-11-15,-23.54494713309988,-46.6166406578542,post
587,2025-10-13,-23.525742304996733,-46.63784292054914,pre
588,2025-11-09,-23.525124092787316,-46.6341250412912,pre
589,2025-11-11,-23.550659653476878,-46.621868773400244,post
590,2025-10-09,-23.529653601379874,-46.647064996697836,pre
591,2025-11-19,-23.548428734775225,-46.6203290967118,post
592,2025-10-27,-23.525721097195532,-46.64129017630002,pre
593,2025-12-05,-23.548892242240576,-46.622296899275995,post
594,2025-10-05,-23.52929288391927,-46.639256473774914,pre
595,2025-10-29,-23.529010802650543,-46.64385484860799,pre
596,2025-11-06,-23.52471908067603,-46.64546251469799,pre
597,2025-11-07,-23.524318364665056,-46.63661568105787,pre
598,2025-12-22,-23.543641153085098,-46.61739355634173,post
599,2025-10-08,-23.532620262666807,-46.64471620770739,pre
600,2025-12-04,-23.543660396732285,-46.625211860313605,post
601,2025-12-25,-23.543569402658385,-46.616760237775765,post
602,2025-10-17,-23.53203868188403,-46.64775629146322,pre
603,2025-12-10,-23.54366074691694,-46.61915832108224,post
604,2025-12-28,-23.54144767850036,-46.62055644208445,post
605,2025-11-14,-23.542553950379936,-46.61738607716584,post
606,2025-10-04,-23.52764337430531,-46.645434344344025,pre
607,2025-11-05,-23.526905519892804,-46.64220204823089,pre
608,2025-12-09,-23.547033093772804,-46.622575029265896,post
609,2025-10-31,-23.525206894688477,-46.64236899687588,pre
610,2025-10-19,-23.526956011368448,-46.64996427724025,pre
611,2025-11-30,-23.544414031968035,-46.62488001587004,post
612,2025-11-23,-23.540467669179176,-46.622234884613114,post
613,2025-11-08,-23.529388696168667,-46.64324617309552,pre
614,2025-12-13,-23.53931720165963,-46.61847673660343,post
615,2025-12-29,-23.543520331397577,-46.62630438023619,post
616,2025-10-19,-23.5215351997007,-46.645486508696145,pre
617,2025-11-08,-23.52359864826138,-46.64430145151341,pre
618,2025-12-06,-23.541049968510066,-46.6157725036165,post
619,2025-11-14,-23.54180745092037,-46.61797658016096,post
620,2025-10-13,-23.526695316958467,-46.64473586456829,pre
621,2025-11-27,-23.543846805240857,-46.62235965802308,post
622,2025-10-20,-23.518998388867562,-46.64696943314596,pre
623,2025-12-11,-23.540391659133636,-46.61893121266185,post
624,2025-11-30,-23.543480511167505,-46.61508045560035,post
625,2025-11-08,-23.525504867642194,-46.64553962767897,pre
626,2025-10-01,-23.525524808868237,-46.64373271307562,pre
627,2025-10-03,-23.52489014599355,-46.63974770547348,pre
628,2025-12-16,-23.547836351769455,-46.616218655527994,post
629,2025-12-01,-23.545419599379475,-46.61922554430927,post
630,2025-12-02,-23.541931879318717,-46.61953044523748,post
631,2025-10-25,-23.526727325552958,-46.644954390327975,pre
632,2025-11-25,-23.545475978029213,-46.61473931226989,post
633,2025-11-02,-23.528997599311385,-46.645876973351854,pre
634,2025-11-07,-23.52868944646943,-46.64245698448033,pre
635,2025-10-06,-23.530974116349963,-46.64841423942454,pre
636,2025-11-27,-23.545443819331837,-46.6261511017812,post
637,2025-11-13,-23.54922508523713,-46.62612107363746,post
638,2025-11-14,-23.547786446836533,-46.61807501397332,post
639,2025-11-01,-23.523532876131636,-46.635323996427125,pre
640,2025-11-14,-23.536870552565947,-46.61785474916048,post
641,2025-11-30,-23.540289289300794,-46.62047559163726,post
642,2025-11-16,-23.542320540591952,-46.61322558780727,post
643,2025-10-21,-23.52528636139583,-46.63838704568582,pre
644,2025-12-19,-23.548137406434314,-46.62366495489704,post
645,2025-12-24,-23.54315172160882,-46.620400273319746,post
646,2025-12-14,-23.54687973674962,-46.611370489664274,post
647,2025-11-05,-23.525882217688252,-46.64477090020874,pre
648,2025-10-19,-23.525945143517916,-46.64289829318955,pre
649,2025-10-20,-23.525836592356324,-46.64937486806141,pre
650,2025-11-26,-23.539232213213733,-46.61560468231824,post
651,2025-10-18,-23.52198903768389,-46.641698272965854,pre
652,2025-11-16,-23.541750075759342,-46.62446490779203,post
653,2025-11-18,-23.54106840268561,-46.61999284917243,post
654,2025-10-14,-23.527781219846915,-46.639541021233434,pre
655,2025-10-15,-23.523689652891726,-46.6427575646573,pre
656,2025-10-31,-23.525084852259614,-46.647126868047735,pre
657,2025-10-01,-23.522670449688356,-46.64659525275214,pre
658,2025-11-23,-23.547221702592317,-46.62075073741828,post
659,2025-10-03,-23.523056451147344,-46.63854420546714,pre
660,2025-10-16,-23.526414473865714,-46.639907946550984,pre
661,2025-12-26,-23.551156233797315,-46.62387727996052,post
662,2025-11-26,-23.547195801757855,-46.61599114836096,post
663,2025-12-14,-23.54178138334837,-46.62026138889638,post
664,2025-10-12,-23.52555479480851,-46.63672664289588,pre
665,2025-12-13,-23.545080718666025,-46.62625626923414,post
666,2025-10-16,-23.523138414446812,-46.64227264385118,pre
667,2025-12-11,-23.540585313287337,-46.62117905922955,post
668,2025-12-15,-23.547754758094815,-46.61938871311567,post
669,2025-10-24,-23.526369474787774,-46.6422602308685,pre
670,2025-10-28,-23.521550288517645,-46.64739480990954,pre
671,2025-10-08,-23.52554224401857,-46.646275986760635,pre
672,2025-11-05,-23.53417163791936,-46.64319586075609,pre
673,2025-12-29,-23.544275908252,-46.6185059115882,post
674,2025-10-08,-23.52705262224575,-46.648956001420494,pre
675,2025-11-27,-23.54768972630902,-46.61573216465325,post
676,2025-11-29,-23.54774651171716,-46.61466709788123,post
677,2025-11-19,-23.540200062829715,-46.622271122417345,post
678,2025-10-28,-23.528587237489308,-46.638808348123476,pre
679,2025-11-10,-23.545363644980373,-46.627182600558804,post
680,2025-12-03,-23.542150733517506,-46.61933094620857,post
681,2025-10-27,-23.522986881391855,-46.64160162000256,pre
682,2025-12-02,-23.546596587908184,-46.615921284641594,post
683,2025-10-17,-23.522299028701962,-46.64206717614406,pre
684,2025-12-12,-23.54415871234187,-46.626293084092424,post
685,2025-11-02,-23.528222579027037,-46.639956921432166,pre
686,2025-12-23,-23.546629121201452,-46.62682735147757,post
687,2025-12-16,-23.5304164888416,-46.62685362383371,post
688,2025-10-29,-23.519629745810697,-46.64422969377839,pre
689,2025-10-13,-23.52665368899743,-46.64568911308875,pre
690,2025-11-15,-23.54126865134105,-46.626759096852446,post
691,2025-11-04,-23.531920987108702,-46.636559313882486,pre
692,2025-10-06,-23.52881191719642,-46.64001564752184,pre
693,2025-12-21,-23.548741824307584,-46.618166315828425,post
694,2025-12-08,-23.537665814004885,-46.623108485541664,post
695,2025-11-16,-23.552133764427143,-46.61424482434676,post
696,2025-10-25,-23.523621267035423,-46.644894284935084,pre
697,2025-12-05,-23.545271808213073,-46.625442608785,post
698,2025-10-10,-23.522139229202672,-46.645138862431246,pre
699,2025-11-25,-23.55007483415019,-46.62014541647395,post
700,2025-10-30,-23.528980040084736,-46.64712005830345,pre
701,2025-10-05,-23.527690297611283,-46.642654578738,pre
702,2025-11-02,-23.530543329267744,-46.63745940429915,pre
703,2025-12-04,-23.541691361151738,-46.62246145196309,post
704,2025-10-18,-23.52911003045889,-46.643356901811664,pre
705,2025-11-18,-23.540802259836976,-46.618021663891206,post
706,2025-10-11,-23.523224487098645,-46.64492150996392,pre
707,2025-12-24,-23.556099700716786,-46.616008755208334,post
708,2025-10-26,-23.526901588429215,-46.640335335738115,pre
709,2025-12-02,-23.537723084981437,-46.61126236546705,post
710,2025-12-28,-23.546999285912563,-46.62046416037134,post
711,2025-12-25,-23.538932654157577,-46.62437711607409,post
712,2025-11-28,-23.546728446375162,-46.623352154313835,post
713,2025-10-27,-23.526484270940223,-46.64388049472116,pre
714,2025-11-18,-23.546775181289025,-46.62486302966243,post
715,2025-12-16,-23.54115223868642,-46.61564867591614,post
716,2025-11-02,-23.52195185561748,-46.64492429422954,pre
717,2025-10-01,-23.523838825983226,-46.64205469638909,pre
718,2025-10-21,-23.52811201404584,-46.64006312712517,pre
719,2025-11-24,-23.546866420216183,-46.62250470641113,post
720,2025-10-06,-23.53053018910751,-46.64485688438973,pre
721,2025-12-20,-23.543384555163943,-46.61472426201729,post
722,2025-12-08,-23.545813981784807,-46.62515267658835,post
723,2025-10-05,-23.521907893087196,-46.645018209748336,pre
724,2025-10-03,-23.531645144968422,-46.64246762505945,pre
725,2025-11-22,-23.545699093893116,-46.61179841742926,post
726,2025-10-23,-23.524973901896956,-46.64358536941462,pre
727,2025-11-22,-23.54809798883702,-46.61967933263523,post
728,2025-11-06,-23.522029870149815,-46.64175274326609,pre
729,2025-12-13,-23.54778971876847,-46.61884477515299,post
730,2025-12-13,-23.54459442757949,-46.61920554758673,post
731,2025-12-22,-23.545819229400735,-46.62251318109705,post
732,2025-10-17,-23.527653339392295,-46.63923104739401,pre
733,2025-12-24,-23.545872901100964,-46.622838922925496,post
734,2025-12-17,-23.54816826360625,-46.619183944793136,post
735,2025-12-12,-23.543153192791475,-46.62279507289796,post
736,2025-10-01,-23.528528136122674,-46.63549530634709,pre
737,2025-11-20,-23.5519217722205,-46.619027311987196,post
738,2025-11-14,-23.539234385807134,-46.63454725504595,post
739,2025-12-16,-23.541223439759694,-46.621881018405986,post
740,2025-10-04,-23.52563183540715,-46.64429295185809,pre
741,2025-12-01,-23.540098426217416,-46.61954752263332,post
742,2025-12-04,-23.543873120441862,-46.62459544242784,post
743,2025-11-01,-23.520753123298498,-46.64296027592107,pre
744,2025-11-03,-23.51953058260762,-46.63528972245929,pre
745,2025-12-11,-23.551513403869063,-46.62361978384321,post
746,2025-11-08,-23.529510853017925,-46.64319282432595,pre
747,2025-10-26,-23.52583850793854,-46.64208029412843,pre
748,2025-11-03,-23.523237613971943,-46.63702566892277,pre
749,2025-11-23,-23.540530049003046,-46.6232437408569,post
750,2025-10-03,-23.52874607159532,-46.64298895265647,pre
751,2025-11-19,-23.54269552189438,-46.62173276538287,post
752,2025-10-12,-23.530436454508756,-46.64027176196569,pre
753,2025-12-04,-23.545969259074933,-46.62269005093769,post
754,2025-11-23,-23.54461845069623,-46.62195959566832,post
755,2025-10-05,-23.527499503166535,-46.64812050122773,pre
756,2025-11-26,-23.544848989867805,-46.61818818483238,post
757,2025-10-17,-23.525606067984636,-46.6392075142436,pre
758,2025-11-16,-23.54731418008928,-46.62611223391647,post
759,2025-10-23,-23.52713754993693,-46.6454569464742,pre
760,2025-12-18,-23.54644133993283,-46.620153001127676,post
761,2025-12-24,-23.546412322156417,-46.62600027395683,post
762,2025-10-14,-23.528076984183645,-46.641639762532556,pre
763,2025-12-05,-23.541714077595973,-46.618354308863665,post
764,2025-12-14,-23.542702107623008,-46.621672373863866,post
765,2025-11-20,-23.542780343604164,-46.6211693426328,post
766,2025-11-07,-23.52606071158654,-46.646757306951464,pre
767,2025-12-03,-23.544224500144956,-46.619485335063,post
768,2025-11-07,-23.52537661805968,-46.64815007610424,pre
769,2025-11-19,-23.544014956894387,-46.62677555830986,post
770,2025-12-21,-23.543705293415446,-46.62380534876641,post
771,2025-10-30,-23.521283071172423,-46.64252302668282,pre
772,2025-12-18,-23.541195343920705,-46.612556509451906,post
773,2025-11-20,-23.547669607244355,-46.61925730035638,post
774,2025-12-02,-23.54914364403693,-46.619620411967006,post
775,2025-11-21,-23.537337162934197,-46.62351153285777,post
776,2025-11-07,-23.529057862939883,-46.64336469693407,pre
777,2025-12-27,-23.536216730847645,-46.61791584432019,post
778,2025-12-18,-23.548019658608222,-46.61517975767008,post
779,2025-10-30,-23.531365188977,-46.63445376348479,pre
780,2025-11-20,-23.54097419727994,-46.61394577023997,post
781,2025-12-20,-23.550991192433536,-46.620322232676564,post
782,2025-10-05,-23.526801666779697,-46.64702791789379,pre
783,2025-10-29,-23.530288070860752,-46.64097167496496,pre
784,2025-10-04,-23.524606804875656,-46.6378001038131,pre
785,2025-10-10,-23.527910263159978,-46.64356643924062,pre
786,2025-11-25,-23.549929839699782,-46.61483685675202,post
787,2025-10-17,-23.526191355736728,-46.64010964599352,pre
788,2025-12-13,-23.541368378415555,-46.61516357137079,post
789,2025-10-17,-23.5288941984018,-46.64020965359861,pre
790,2025-12-23,-23.544500034825237,-46.61257729173464,post
791,2025-12-27,-23.547737456715982,-46.61631429460895,post
792,2025-12-08,-23.542998632883087,-46.619808575623175,post
793,2025-11-03,-23.526237937821858,-46.637613336708654,pre
794,2025-10-06,-23.525608444896775,-46.649097661352485,pre
795,2025-11-22,-23.539521985725152,-46.61685519267147,post
796,2025-12-05,-23.54205144926315,-46.625513894518996,post
797,2025-12-16,-23.548292461440884,-46.62850977154095,post
798,2025-11-12,-23.54255868050728,-46.6263981953927,post
799,2025-12-14,-23.551275003571448,-46.6159000435228,post
800,2025-10-23,-23.52409546130661,-46.644332686659325,pre
801,2025-11-24,-23.54493618633303,-46.63062937682794,post
802,2025-12-19,-23.540733020323763,-46.623770925857954,post
803,2025-12-14,-23.543078836547465,-46.63095424904717,post
804,2025-10-16,-23.523467295903515,-46.64601137907754,pre
805,2025-10-08,-23.530528126791367,-46.644358406537954,pre
806,2025-10-04,-23.528189185653805,-46.63870292954836,pre
807,2025-10-04,-23.527661185367084,-46.63754953189355,pre
808,2025-11-25,-23.543079429536842,-46.61742252845115,post
809,2025-10-25,-23.526406499359684,-46.637911764070644,pre
810,2025-12-06,-23.54901449596113,-46.620545502170025,post
811,2025-12-06,-23.545985743317726,-46.61541348608197,post
812,2025-10-27,-23.52190289678602,-46.64299831496305,pre
813,2025-11-01,-23.530274533303285,-46.641291610732836,pre
814,2025-11-19,-23.551058438940135,-46.61449542880487,post
815,2025-11-30,-23.546292680282544,-46.62112228065367,post
816,2025-11-20,-23.547123804303226,-46.6246071263468,post
817,2025-10-19,-23.52418812605036,-46.64363446670821,pre
818,2025-10-21,-23.52627255238323,-46.647015564316874,pre
819,2025-10-05,-23.52383182232951,-46.63916884105945,pre
820,2025-12-21,-23.545235713947516,-46.615928311466675,post
821,2025-11-11,-23.544816496616896,-46.617880978014846,post
822,2025-11-30,-23.55089171032332,-46.61958627653406,post
823,2025-10-22,-23.52721444440282,-46.64237791029618,pre
824,2025-10-21,-23.52606795278303,-46.64249720071129,pre
825,2025-12-09,-23.54193719708255,-46.62326069452643,post
826,2025-10-01,-23.52469276222139,-46.63806990046753,pre
827,2025-10-05,-23.53063042301494,-46.64612216039292,pre
828,2025-10-12,-23.528615606276503,-46.647368183197806,pre
829,2025-12-29,-23.54629879107855,-46.6168675259384,post
830,2025-11-15,-23.53860965230195,-46.62057530012102,post
831,2025-11-03,-23.527372708032544,-46.63978830412368,pre
832,2025-11-18,-23.553855873977007,-46.62522071388842,post
833,2025-12-17,-23.553686521626798,-46.62526279886942,post
834,2025-12-29,-23.54746807010761,-46.61508927248825,post
835,2025-11-14,-23.555444247864624,-46.622666810400936,post
836,2025-10-27,-23.524541300583465,-46.641357077346925,pre
837,2025-12-12,-23.53855304746586,-46.62035579408562,post
838,2025-10-26,-23.525277165458554,-46.65035402732721,pre
839,2025-11-16,-23.548353075432708,-46.628130818973794,post
840,2025-12-25,-23.542109567568342,-46.619605238192975,post
841,2025-11-25,-23.543145848130866,-46.62452573443383,post
842,2025-12-02,-23.548291799117266,-46.62016221227081,post
843,2025-11-17,-23.547077544211085,-46.62508161825533,post
844,2025-11-30,-23.54643355748503,-46.623642968144146,post
845,2025-12-20,-23.547866891898515,-46.62590307126703,post
846,2025-10-26,-23.52505393069498,-46.63677580224209,pre
847,2025-11-05,-23.526517012601854,-46.64211026345212,pre
848,2025-10-01,-23.524790866442192,-46.641533736971226,pre
849,2025-10-08,-23.52894073698495,-46.63612061515559,pre
850,2025-11-21,-23.54742924205471,-46.618407646541364,post
851,2025-12-18,-23.54227923477063,-46.62883376616854,post
852,2025-11-16,-23.54583538566765,-46.62077348619275,post
853,2025-11-25,-23.5438673951543,-46.61979431793794,post
854,2025-12-25,-23.54136934850824,-46.621030061457084,post
855,2025-10-14,-23.525336147295945,-46.64317981834709,pre
856,2025-12-29,-23.54846933462702,-46.62087039423452,post
857,2025-10-28,-23.52415273046724,-46.638564846470096,pre
858,2025-12-26,-23.542250737369823,-46.615662598696204,post
859,2025-12-17,-23.542724541010365,-46.61754448071333,post
860,2025-12-27,-23.54065043540288,-46.621893402163536,post
861,2025-10-02,-23.524221989702294,-46.646762579590565,pre
862,2025-10-26,-23.525350562972353,-46.640691896693326,pre
863,2025-10-14,-23.5232467146379,-46.63971696278408,pre
864,2025-11-28,-23.540143543266662,-46.62139752132051,post
865,2025-11-25,-23.54578157261868,-46.62209959503154,post
866,2025-10-07,-23.525601148808654,-46.65023498806257,pre
867,2025-10-03,-23.522404729088816,-46.642824506560686,pre
868,2025-10-23,-23.527645004747004,-46.65311886484242,pre
869,2025-10-18,-23.526510440518535,-46.6437939060603,pre
870,2025-11-07,-23.529091139291936,-46.64569218738051,pre
871,2025-10-15,-23.526479909933336,-46.645352945838354,pre
872,2025-12-03,-23.542112487735285,-46.62399513435458,post
873,2025-12-28,-23.543781566281915,-46.61627981852476,post
874,2025-10-28,-23.52650978758769,-46.64157609150416,pre
875,2025-12-13,-23.543229394450396,-46.62096801240153,post
876,2025-11-08,-23.52660102142583,-46.6452854968858,pre
877,2025-11-26,-23.54379595083777,-46.62213307003536,post
878,2025-10-17,-23.521761729495296,-46.63975542696356,pre
879,2025-12-25,-23.550211183583553,-46.626588631992874,post
880,2025-12-29,-23.544921839476157,-46.62258122190976,post
881,2025-11-13,-23.545132775672887,-46.61839535415739,post
882,2025-10-25,-23.525452792303366,-46.641777483078165,pre
883,2025-10-17,-23.522061416003513,-46.64855556621669,pre
884,2025-10-13,-23.526088183497553,-46.64531621019179,pre
885,2025-12-23,-23.538658256856642,-46.6298374064233,post
886,2025-10-25,-23.53289644475714,-46.641781454814605,pre
887,2025-12-07,-23.539894813762704,-46.617906982714736,post
888,2025-10-10,-23.52880294237995,-46.63697431311199,pre
889,2025-12-06,-23.549325874994377,-46.615770063241825,post
890,2025-10-18,-23.529697684751074,-46.64440729668935,pre
891,2025-12-25,-23.541842921848573,-46.62686483132359,post
892,2025-11-03,-23.521992929807375,-46.64443177532561,pre
893,2025-10-08,-23.525988171592964,-46.638351196843836,pre
894,2025-11-09,-23.5287793760355,-46.63875674525498,pre
895,2025-12-22,-23.53783786571643,-46.62362231598932,post
896,2025-11-11,-23.538922449309613,-46.62804231437697,post
897,2025-11-10,-23.54284159842082,-46.62591439406282,post
898,2025-10-06,-23.52357229435439,-46.639558175806314,pre
899,2025-11-21,-23.536090480017634,-46.61531486806819,post
900,2025-10-26,-23.526897313592805,-46.6473269899492,pre
901,2025-12-03,-23.54213725168132,-46.621242925641546,post
902,2025-11-28,-23.538195379821616,-46.62966552337367,post
903,2025-11-25,-23.535647772962847,-46.61887203756955,post
904,2025-11-28,-23.54765204848688,-46.61806404309033,post
905,2025-12-09,-23.53921031431484,-46.62054261243479,post
906,2025-11-02,-23.531694761152433,-46.64417538814539,pre
907,2025-11-22,-23.54024241978783,-46.619013341063095,post
908,2025-10-22,-23.526869521092504,-46.63776673667643,pre
909,2025-10-21,-23.524182082477502,-46.63973464337625,pre
910,2025-12-09,-23.546042538767924,-46.62302953472699,post
911,2025-12-09,-23.55119983888273,-46.62203756702375,post
912,2025-10-04,-23.523593823838606,-46.643816373188066,pre
913,2025-12-14,-23.542617844613883,-46.61655520257339,post
914,2025-12-01,-23.542908668032805,-46.61911794095296,post
915,2025-12-01,-23.54983128984815,-46.62229025913641,post
916,2025-10-24,-23.52122012048051,-46.64258481127562,pre
917,2025-11-24,-23.536813047272013,-46.623892462522555,post
918,2025-10-09,-23.525698157643596,-46.64453071375021,pre
919,2025-10-03,-23.524624045944627,-46.63941996532776,pre
920,2025-10-31,-23.524592601712897,-46.63883259142501,pre
921,2025-11-09,-23.526439518965567,-46.64376211347066,pre
922,2025-11-05,-23.53167457902183,-46.64044619625934,pre
923,2025-10-24,-23.525883447723277,-46.64327165895025,pre
924,2025-10-06,-23.526972452216363,-46.64314751824538,pre
925,2025-12-05,-23.54534494452599,-46.623112135354255,post
926,2025-12-23,-23.543441644477102,-46.61906336352427,post
927,2025-12-14,-23.547482271657543,-46.62260294227675,post
928,2025-10-04,-23.527013865253792,-46.64298074677049,pre
929,2025-12-18,-23.544912741878342,-46.618361115201374,post
930,2025-10-06,-23.53135710104711,-46.64890014879336,pre
931,2025-11-20,-23.543625722402986,-46.62341074339131,post
932,2025-12-01,-23.540863030776904,-46.61632079618965,post
933,2025-11-26,-23.54346501129431,-46.625287899665096,post
934,2025-12-05,-23.54018162593509,-46.6202043893514,post
935,2025-12-18,-23.550347743890107,-46.62659407859226,post
936,2025-12-14,-23.538332212841166,-46.61559545634696,post
937,2025-10-08,-23.53395142942629,-46.64843116358103,pre
938,2025-10-26,-23.522977433513134,-46.643073970353576,pre
939,2025-11-20,-23.54159260285803,-46.62124781098439,post
940,2025-11-14,-23.541782030039716,-46.62097666581334,post
941,2025-11-13,-23.546150433027027,-46.61676502468034,post
942,2025-10-05,-23.525793836151923,-46.640390445135026,pre
943,2025-12-09,-23.543770208300156,-46.6229454275742,post
944,2025-10-26,-23.521574832065927,-46.64158012698097,pre
945,2025-12-07,-23.545820194577487,-46.61588668211873,post
946,2025-10-19,-23.530362471321634,-46.63405486539682,pre
947,2025-12-23,-23.545116599030653,-46.626072056829535,post
948,2025-10-20,-23.520682175954626,-46.644852670452295,pre
949,2025-10-12,-23.525670266290433,-46.640129237034245,pre
950,2025-11-16,-23.53966330988936,-46.619800901745116,post
951,2025-10-01,-23.528341946224987,-46.64212402990667,pre
952,2025-12-29,-23.546077262181328,-46.62000395329454,post
953,2025-10-14,-23.52151555136273,-46.639976299233425,pre
954,2025-12-03,-23.543573414247607,-46.618046036669575,post
955,2025-11-07,-23.52396975804427,-46.647311496411874,pre
956,2025-11-06,-23.526274831866353,-46.63274988936267,pre
957,2025-10-11,-23.522761537044904,-46.64501374223664,pre
958,2025-12-16,-23.54681283158447,-46.6235461028927,post
959,2025-10-03,-23.523801040149213,-46.63656943631553,pre
960,2025-11-02,-23.52465349886656,-46.64237135060053,pre
961,2025-10-06,-23.527732466072898,-46.64168250741767,pre
962,2025-11-19,-23.547680486880385,-46.628743062188846,post
963,2025-10-10,-23.521489522929663,-46.64702325068145,pre
964,2025-10-05,-23.527374497121006,-46.64037457019749,pre
965,2025-10-23,-23.52209659939196,-46.64197147739033,pre
966,2025-10-10,-23.52998113296298,-46.64420538579877,pre
967,2025-11-13,-23.5471139416201,-46.621152844109886,post
968,2025-10-02,-23.52270404658619,-46.65314955438428,pre
969,2025-10-13,-23.52763416949008,-46.64493619854555,pre
970,2025-11-09,-23.530170284034686,-46.640658037025005,pre
971,2025-10-02,-23.530644927615626,-46.64819957711718,pre
972,2025-12-23,-23.54099572314392,-46.61499771452415,post
973,2025-12-04,-23.544704387074447,-46.62586958447596,post
974,2025-12-02,-23.547222216367114,-46.61696799221102,post
975,2025-12-12,-23.543934247037345,-46.62140415510753,post
976,2025-10-17,-23.52546085087026,-46.6431506397741,pre
977,2025-10-09,-23.52176286310702,-46.645996573058774,pre
978,2025-12-14,-23.547855836467342,-46.626533814072275,post
979,2025-10-15,-23.528019962907177,-46.64736790189867,pre
980,2025-10-24,-23.52574577347404,-46.6429162105379,pre
981,2025-11-07,-23.529637226500203,-46.64064344256389,pre
982,2025-11-04,-23.52184956139861,-46.641568646605315,pre
983,2025-11-18,-23.55457399273182,-46.61305147611732,post
984,2025-12-08,-23.541412306123714,-46.61317432698725,post
985,2025-12-01,-23.5400371056554,-46.61583793832452,post
986,2025-11-29,-23.543578932425596,-46.62204918404876,post
987,2025-11-19,-23.54290607524907,-46.62383514032099,post
988,2025-12-17,-23.5426644765964,-46.6315071450294,post
989,2025-12-14,-23.544228271019144,-46.615621295519595,post
990,2025-10-09,-23.52611707426321,-46.636090069047874,pre
991,2025-11-03,-23.527191236163546,-46.63898939634805,pre
992,2025-12-15,-23.547913080294695,-46.61715217352178,post
993,2025-11-04,-23.525702215275317,-46.64387900198337,pre
994,2025-10-01,-23.53412164634519,-46.64401750710322,pre
995,2025-11-09,-23.52575964094216,-46.63968516225912,pre
996,2025-12-03,-23.538156200803602,-46.61285986919454,post
997,2025-10-22,-23.52266119797063,-46.64524836130122,pre
998,2025-11-29,-23.54561921635807,-46.61804433811583,post
999,2025-12-03,-23.542321542160607,-46.61448661616244,post
1000,2025-12-11,-23.53448244232516,-46.61193127921961,post
1001,2025-10-11,-23.521918185400605,-46.64088838940423,pre
1002,2025-10-14,-23.522352024811163,-46.636354235945085,pre
1003,2025-11-29,-23.54498920158902,-46.623130643890036,post
1004,2025-10-30,-23.528702263000213,-46.64650553893378,pre
1005,2025-11-04,-23.530545985967777,-46.64200039316353,pre
1006,2025-12-24,-23.548399011204353,-46.62413408873655,post
1007,2025-11-06,-23.52429623332247,-46.64227356373499,pre
1008,2025-10-05,-23.525111125178096,-46.637539404952435,pre
1009,2025-12-22,-23.540941880365835,-46.61492445367419,post
1010,2025-12-17,-23.544080094020888,-46.614552837634754,post
1011,2025-10-26,-23.525320789706928,-46.64232517495562,pre
1012,2025-12-01,-23.538553895174893,-46.624488614716775,post
1013,2025-10-04,-23.52032919829737,-46.64412840008015,pre
1014,2025-12-28,-23.549272431886198,-46.618385992191776,post
1015,2025-11-11,-23.545909286040473,-46.61289677163236,post
1016,2025-12-28,-23.54613160327514,-46.61974220433059,post
1017,2025-10-18,-23.530676779946432,-46.63974834302041,pre
1018,2025-11-09,-23.528732170227574,-46.64022670123867,pre
1019,2025-12-11,-23.546113380958822,-46.62918773874689,post
1020,2025-11-08,-23.526006429728966,-46.642654285931684,pre
1021,2025-10-14,-23.52375678527913,-46.63677599771265,pre
1022,2025-11-01,-23.520662771770247,-46.63954338314612,pre
1023,2025-11-20,-23.543285523231734,-46.62670933435806,post
1024,2025-11-07,-23.52579393718903,-46.64214023932025,pre
1025,2025-10-23,-23.526995920778965,-46.6404681293976,pre
1026,2025-12-02,-23.53991237715607,-46.62427361572212,post
1027,2025-10-15,-23.528901953062597,-46.64355716804711,pre
1028,2025-10-25,-23.528245687572124,-46.64956501280944,pre
1029,2025-10-17,-23.52938977820897,-46.64792928458815,pre
1030,2025-12-05,-23.539566197967925,-46.61418869197597,post
1031,2025-12-17,-23.548781733829177,-46.618815705947455,post
1032,2025-11-22,-23.54090593430212,-46.62696907514664,post
1033,2025-11-20,-23.543756084211285,-46.610865935338616,post
1034,2025-11-08,-23.524368559400926,-46.64398120216533,pre
1035,2025-11-20,-23.546640746100874,-46.629089846338886,post
1036,2025-12-09,-23.54251810537553,-46.613208732850985,post
1037,2025-10-06,-23.528840631263193,-46.65074233871807,pre
1038,2025-12-06,-23.54705689672541,-46.61747360101609,post
1039,2025-10-07,-23.527685500014464,-46.64628187237165,pre
1040,2025-11-20,-23.54432338033977,-46.62008119701133,post
1041,2025-12-11,-23.549953560563086,-46.62186913478775,post
1042,2025-11-11,-23.54638907045569,-46.623563617397,post
1043,2025-12-03,-23.548468146677564,-46.617234968580824,post
1044,2025-10-15,-23.528333160786392,-46.650979781143256,pre
1045,2025-10-29,-23.52560710653407,-46.640099202109305,pre
1046,2025-11-02,-23.528788048195647,-46.64523865075914,pre
1047,2025-10-27,-23.528347161161285,-46.64438661344572,pre
1048,2025-11-05,-23.52307944945343,-46.64345623668949,pre
1049,2025-10-29,-23.523881219363,-46.646875326526185,pre
1050,2025-11-07,-23.527551071258742,-46.63918394473661,pre
1051,2025-11-26,-23.547622421593704,-46.61695145415637,post
1052,2025-10-27,-23.528285152272986,-46.64428665006024,pre
1053,2025-11-24,-23.537719349650605,-46.62274327590867,post
1054,2025-11-02,-23.525963962591746,-46.64053425430991,pre
1055,2025-12-07,-23.54349396540131,-46.619979786604446,post
1056,2025-12-25,-23.544626158975927,-46.62620895683607,post
1057,2025-12-05,-23.5430068426796,-46.62392987382805,post
1058,2025-10-10,-23.52407269834779,-46.6375117543042,pre
1059,2025-10-05,-23.53181667178425,-46.63750476869029,pre
1060,2025-12-13,-23.546044231167468,-46.62152379688874,post
1061,2025-11-07,-23.529137162357536,-46.64224612908374,pre
1062,2025-10-13,-23.526199555350466,-46.63869230869883,pre
1063,2025-10-31,-23.52862417982989,-46.63635679039225,pre
1064,2025-11-16,-23.541741143654765,-46.6206361240929,post
1065,2025-12-27,-23.545123137455583,-46.622226277788535,post
1066,2025-11-21,-23.545365375097624,-46.62032639217226,post
1067,2025-11-25,-23.545235999842774,-46.62356211782603,post
1068,2025-10-15,-23.52587662211549,-46.6463451524749,pre
1069,2025-10-29,-23.525432599296995,-46.643892268141926,pre
1070,2025-10-08,-23.524309807272303,-46.63904370315722,pre
1071,2025-10-05,-23.523433958318964,-46.64172757977579,pre
1072,2025-10-29,-23.5250955063377,-46.644291004104474,pre
1073,2025-11-16,-23.541689441246067,-46.617837994557355,post
1074,2025-12-07,-23.550669316614098,-46.619486611217575,post
1075,2025-12-15,-23.538927480769164,-46.62242516117842,post
1076,2025-11-14,-23.546698187904536,-46.62267945384435,post
1077,2025-10-02,-23.530914627978486,-46.642496064182204,pre
1078,2025-10-27,-23.52631010367971,-46.64221189266849,pre
1079,2025-11-05,-23.525152070136347,-46.64619197360873,pre
1080,2025-11-05,-23.525580402402934,-46.64122720536034,pre
1081,2025-10-26,-23.52786517519245,-46.641319528006996,pre
1082,2025-11-12,-23.544077173494454,-46.623524759077775,post
1083,2025-10-27,-23.52555163391055,-46.644162842973415,pre
1084,2025-12-08,-23.541611738903942,-46.62195666552028,post
1085,2025-10-20,-23.530269296745296,-46.64193205205789,pre
1086,2025-10-11,-23.525711790256505,-46.64732454845119,pre
1087,2025-12-13,-23.541397855538257,-46.61820711665546,post
1088,2025-11-07,-23.529009940577424,-46.64563850520424,pre
1089,2025-10-06,-23.52682602283909,-46.64603540852415,pre
1090,2025-12-11,-23.541838411260354,-46.62040411220269,post
1091,2025-10-23,-23.529680671437664,-46.6462898836514,pre
1092,2025-11-16,-23.539649123291333,-46.61485775048834,post
1093,2025-12-29,-23.54224508409579,-46.621845101020604,post
1094,2025-11-15,-23.546159851649627,-46.61880120232676,post
1095,2025-10-12,-23.52617223839722,-46.64944028578966,pre
1096,2025-12-29,-23.54027252806986,-46.61561678693055,post
1097,2025-10-13,-23.52418824240117,-46.64736644477851,pre
1098,2025-12-01,-23.54694730579889,-46.62843087944543,post
1099,2025-12-21,-23.538015806034416,-46.62242695425304,post
1100,2025-12-28,-23.5350668427134,-46.613179079876375,post
1101,2025-11-29,-23.548013705665475,-46.623833070957616,post
1102,2025-11-12,-23.54253523863061,-46.628018168415466,post
1103,2025-12-15,-23.546153036469512,-46.62315263600483,post
1104,2025-12-07,-23.536995336232213,-46.62035592845798,post
1105,2025-10-05,-23.52725430093261,-46.64552593893074,pre
1106,2025-11-06,-23.523717851208023,-46.64498684329572,pre
1107,2025-12-11,-23.54460113189745,-46.62355649408989,post
1108,2025-10-31,-23.530952611396046,-46.64698414051081,pre
1109,2025-10-09,-23.527905915122094,-46.644053019321056,pre
1110,2025-11-20,-23.545277695703692,-46.621355678802075,post
1111,2025-10-29,-23.527866062890453,-46.637603494607326,pre
1112,2025-12-17,-23.540608063520573,-46.62154043706877,post
1113,2025-11-09,-23.525637225160775,-46.644488352965816,pre
1114,2025-11-10,-23.555773941168205,-46.6209180279483,post
1115,2025-12-25,-23.543177542554993,-46.62745064703216,post
1116,2025-10-11,-23.524901766792414,-46.64412230671178,pre
1117,2025-10-23,-23.525386198838095,-46.64400159458948,pre
1118,2025-10-01,-23.52264713657732,-46.64209508471767,pre
1119,2025-11-15,-23.540390334165313,-46.616661095431304,post
1120,2025-10-21,-23.529758667178264,-46.645956067480085,pre
1121,2025-12-29,-23.542593557269093,-46.62246214913503,post
1122,2025-11-05,-23.527115820307767,-46.63785374071132,pre
1123,2025-11-23,-23.54564146551277,-46.624875717392996,post
1124,2025-12-26,-23.547735200006542,-46.61227057399523,post
1125,2025-11-26,-23.54511287792154,-46.62645699102087,post
1126,2025-10-01,-23.53170837578595,-46.6454985465707,pre
1127,2025-12-02,-23.54518608847771,-46.61720330517429,post
1128,2025-11-23,-23.540990619334153,-46.62102538568429,post
1129,2025-11-24,-23.546216674344638,-46.61964159258631,post
1130,2025-11-09,-23.531646238228408,-46.635075676424286,pre
1131,2025-10-15,-23.52443768321243,-46.639532039121086,pre
1132,2025-10-21,-23.529622460145628,-46.63786940543481,pre
1133,2025-11-16,-23.546240068644106,-46.62481023249128,post
1134,2025-12-12,-23.544556689482423,-46.62125022034395,post
1135,2025-11-22,-23.54871414829005,-46.62457974941417,post
1136,2025-10-09,-23.529319695325984,-46.646854860271425,pre
1137,2025-12-13,-23.545952391628397,-46.62655594054469,post
1138,2025-11-21,-23.547165497989656,-46.616819461806465,post
1139,2025-11-26,-23.541106762191582,-46.625199516963576,post
1140,2025-10-26,-23.523525385248117,-46.650865757076545,pre
1141,2025-11-10,-23.53468342271195,-46.61579874723146,post
1142,2025-11-04,-23.52807919573642,-46.64147029375306,pre
1143,2025-12-02,-23.550003677312436,-46.6207582288403,post
1144,2025-10-25,-23.526950989097507,-46.64633905355757,pre
1145,2025-12-29,-23.546274229945304,-46.62326794990324,post
1146,2025-12-14,-23.54892694687727,-46.62443258898359,post
1147,2025-11-07,-23.530725533277998,-46.63957067693776,pre
1148,2025-10-02,-23.529196338239366,-46.64788808348628,pre
1149,2025-10-07,-23.523875485960552,-46.64152151858264,pre
1150,2025-12-21,-23.541181995776203,-46.61733566710321,post
1151,2025-11-03,-23.520587635309184,-46.643624159066775,pre
1152,2025-10-17,-23.530772823036987,-46.641915848796955,pre
1153,2025-11-12,-23.54707601849152,-46.62483002113326,post
1154,2025-11-28,-23.54400029931113,-46.617536989067965,post
1155,2025-11-20,-23.547743979366384,-46.615902447650676,post
1156,2025-11-23,-23.54835845583601,-46.6219756128853,post
1157,2025-10-24,-23.525241076354657,-46.64455159683474,pre
1158,2025-10-25,-23.531728007016813,-46.639290370032846,pre
1159,2025-12-10,-23.546893857361425,-46.618020406202426,post
1160,2025-11-21,-23.54945657654011,-46.625373746328385,post
1161,2025-12-09,-23.54095026636178,-46.61963796762903,post
1162,2025-12-27,-23.546154342842737,-46.61957987360732,post
1163,2025-11-02,-23.52926211740663,-46.64255896353004,pre
1164,2025-11-18,-23.54388578430644,-46.622495126420766,post
1165,2025-10-29,-23.528905857116772,-46.64271900568714,pre
1166,2025-12-02,-23.544619924573205,-46.62286328831568,post
1167,2025-10-22,-23.529501443410542,-46.64295009180266,pre
1168,2025-10-26,-23.52778996709451,-46.64713863048175,pre
1169,2025-10-28,-23.526269410567725,-46.63656677811178,pre
1170,2025-12-24,-23.545867310663628,-46.61500889383503,post
1171,2025-11-18,-23.53594267314108,-46.624813675609516,post
1172,2025-12-10,-23.544363823167203,-46.612585072328734,post
1173,2025-12-20,-23.544884319845636,-46.62085275141694,post
1174,2025-12-23,-23.551080021897498,-46.62312664760128,post
1175,2025-11-18,-23.542177645261322,-46.611282869428194,post
1176,2025-10-20,-23.526988020500415,-46.649650505289,pre
1177,2025-12-25,-23.55002099676309,-46.621143158743756,post
1178,2025-12-02,-23.53969117280779,-46.6184505852685,post
1179,2025-11-30,-23.54255897654596,-46.61576342245233,post
1180,2025-11-18,-23.547280916350076,-46.62092362112017,post
1181,2025-12-10,-23.546481528480808,-46.62208582294181,post
1182,2025-10-01,-23.529418808062974,-46.64437590428574,pre
1183,2025-10-13,-23.526483146698734,-46.644485885999444,pre
1184,2025-12-26,-23.545044246012054,-46.61937983782625,post
1185,2025-11-20,-23.539445216923742,-46.61575537652755,post
1186,2025-11-25,-23.541354312930412,-46.62603992591376,post
1187,2025-12-22,-23.545841639942278,-46.622097140122854,post
1188,2025-12-01,-23.547028599323152,-46.61963059528389,post
1189,2025-11-01,-23.531182985479845,-46.636225734121886,pre
1190,2025-10-30,-23.522814337985434,-46.64108719095239,pre
1191,2025-10-29,-23.526586327989758,-46.63808464281971,pre
1192,2025-11-18,-23.541642380252878,-46.61657344886313,post
1193,2025-11-14,-23.544636208329038,-46.61384274765655,post
1194,2025-10-30,-23.52289933637293,-46.64096185481826,pre
1195,2025-10-16,-23.522632081238704,-46.644676647767334,pre
1196,2025-11-09,-23.52990250107804,-46.64171379794781,pre
1197,2025-10-19,-23.52657127133744,-46.64379086936911,pre
1198,2025-10-18,-23.52275106388195,-46.64233144314716,pre
1199,2025-10-01,-23.525609292779393,-46.64430821023502,pre
1200,2025-12-17,-23.54087550744288,-46.61819249687477,post
1201,2025-11-16,-23.540905361292424,-46.62298905586655,post
1202,2025-12-05,-23.539183646159813,-46.613644926304936,post
1203,2025-11-07,-23.523873884808026,-46.64623715314898,pre
1204,2025-11-20,-23.547608809136943,-46.62250150782238,post
1205,2025-12-02,-23.546657508856075,-46.62128437050275,post
1206,2025-10-04,-23.524502672600896,-46.641840190237,pre
1207,2025-10-01,-23.52579313283084,-46.6439648109992,pre
1208,2025-10-08,-23.52662153778149,-46.639813697969885,pre
1209,2025-10-29,-23.5324358740825,-46.64304556163392,pre
1210,2025-11-24,-23.54324804962029,-46.617865667725816,post
1211,2025-10-03,-23.52943013781785,-46.64725163872981,pre
1212,2025-11-01,-23.524648135015365,-46.65061780896103,pre
1213,2025-10-10,-23.522403432667716,-46.642093632034026,pre
1214,2025-12-13,-23.538165115148626,-46.62534828950628,post
1215,2025-12-22,-23.546145437874873,-46.63063147330771,post
1216,2025-11-03,-23.528787069288985,-46.64373538752289,pre
1217,2025-12-26,-23.552250830320034,-46.6225785072488,post
1218,2025-11-24,-23.552349360707442,-46.62202984073965,post
1219,2025-11-01,-23.522958664218674,-46.643139919000454,pre
1220,2025-11-19,-23.537767170509554,-46.61785482974642,post
1221,2025-10-07,-23.522355556454176,-46.64605978096351,pre
1222,2025-10-08,-23.528767424885178,-46.64161754633446,pre
1223,2025-12-04,-23.55071080836653,-46.619115425000956,post
1224,2025-11-26,-23.54569567926619,-46.61568001264982,post
1225,2025-12-06,-23.541681950983683,-46.61661317427864,post
1226,2025-12-27,-23.54741682432558,-46.616807158924956,post
1227,2025-12-26,-23.538621150022543,-46.621154855293526,post
1228,2025-11-28,-23.547357402477466,-46.62388714880494,post
1229,2025-12-11,-23.539443948031934,-46.61026261703031,post
1230,2025-11-23,-23.5483265802807,-46.62523408020017,post
1231,2025-12-06,-23.5407143432773,-46.62401565411747,post
1232,2025-11-20,-23.540326578463088,-46.61913861530589,post
1233,2025-10-08,-23.526471931907494,-46.641234913861915,pre
1234,2025-11-03,-23.525259404892537,-46.643718425991146,pre
1235,2025-11-04,-23.531669083094915,-46.642285397085644,pre
1236,2025-12-27,-23.538107758535745,-46.62743507465282,post
1237,2025-12-17,-23.548263140080554,-46.61929269210094,post
1238,2025-11-01,-23.526284224411803,-46.64135527136166,pre
1239,2025-11-15,-23.547197272831312,-46.616350166853636,post
1240,2025-10-16,-23.52625929830293,-46.64021205791063,pre
1241,2025-12-07,-23.543118890356116,-46.62029802012816,post
1242,2025-11-06,-23.524519499028916,-46.642254048184135,pre
1243,2025-11-23,-23.549160796112382,-46.61665057269714,post
1244,2025-12-24,-23.541127490855008,-46.62942740156544,post
1245,2025-10-14,-23.528362600854624,-46.638830558150026,pre
1246,2025-11-24,-23.551707714185913,-46.6172257324724,post
1247,2025-11-17,-23.544964890142616,-46.615638869718666,post
1248,2025-12-21,-23.5444045871563,-46.623888271971985,post
1249,2025-10-07,-23.525475743017722,-46.64312154195804,pre
1250,2025-12-13,-23.54764340453656,-46.612126626067955,post
1251,2025-10-07,-23.529313294544753,-46.65197182150024,pre
1252,2025-11-02,-23.521654903095634,-46.64533425388927,pre
1253,2025-10-23,-23.527290319782896,-46.644431624258516,pre
1254,2025-12-24,-23.546678605736634,-46.62406476988506,post
1255,2025-10-19,-23.52939045190749,-46.642740960953184,pre
1256,2025-10-19,-23.527605962673025,-46.640078551238666,pre
1257,2025-11-05,-23.52495191784515,-46.6467100487741,pre
1258,2025-10-29,-23.526074436171783,-46.64467135329649,pre
1259,2025-11-29,-23.548366641770535,-46.61824227371794,post
1260,2025-12-21,-23.544885301117233,-46.622630200080685,post
1261,2025-10-02,-23.52896670170927,-46.64711174704429,pre
1262,2025-10-01,-23.520433695928254,-46.64166352540148,pre
1263,2025-11-16,-23.54876451614881,-46.619848536406714,post
1264,2025-12-08,-23.54015193529282,-46.62032992954988,post
1265,2025-10-20,-23.522277935973598,-46.64917125256828,pre
1266,2025-10-11,-23.53237396614214,-46.641957930312586,pre
1267,2025-10-02,-23.525570511569878,-46.65635800071302,pre
1268,2025-12-06,-23.54689430436481,-46.625034649257536,post
1269,2025-12-26,-23.549967784962814,-46.62504416705844,post
1270,2025-10-12,-23.5246126365952,-46.64706962008516,pre
1271,2025-10-20,-23.529349366403743,-46.649475221235434,pre
1272,2025-10-05,-23.522593271072452,-46.64126147053812,pre
1273,2025-11-06,-23.533877068608707,-46.64692896031689,pre
1274,2025-11-07,-23.524814446346813,-46.63787442980407,pre
1275,2025-10-09,-23.5238774837219,-46.64442273164103,pre
1276,2025-11-22,-23.552125507443172,-46.61751900402436,post
1277,2025-11-13,-23.545587587405283,-46.62072455194154,post
1278,2025-12-25,-23.545109681752834,-46.62642211799831,post
1279,2025-10-24,-23.52530724936333,-46.64209416387555,pre
1280,2025-12-20,-23.546103155371657,-46.61911557680055,post
1281,2025-12-13,-23.549895998189694,-46.62207601110354,post
1282,2025-10-30,-23.526321617581193,-46.64993971052854,pre
1283,2025-11-28,-23.544628386443343,-46.61806541941328,post
1284,2025-12-26,-23.545612923696172,-46.62113645961006,post
1285,2025-12-20,-23.542150623843064,-46.62255120043547,post
1286,2025-12-20,-23.545591189598177,-46.625706814058134,post
1287,2025-10-14,-23.52644481033196,-46.64433939393442,pre
1288,2025-10-09,-23.52490273061484,-46.64074616018327,pre
1289,2025-11-09,-23.52402637288296,-46.64503304140358,pre
1290,2025-12-05,-23.553106324342497,-46.61803344101414,post
1291,2025-10-25,-23.525106637107708,-46.645541166418745,pre
1292,2025-12-12,-23.54218023920173,-46.626794359210066,post
1293,2025-10-22,-23.52330927936139,-46.64433449820718,pre
1294,2025-10-04,-23.528886782839013,-46.64548680622496,pre
1295,2025-10-26,-23.527094454958,-46.643048048293196,pre
1296,2025-11-27,-23.544206878878402,-46.62271842977584,post
1297,2025-10-29,-23.525799281279614,-46.64296688290267,pre
1298,2025-12-26,-23.546990291982297,-46.624192762497685,post
1299,2025-11-06,-23.524574903371313,-46.640902695856006,pre
1300,2025-12-14,-23.544171454579356,-46.617303218136044,post
1301,2025-12-09,-23.55224531062467,-46.623257578566026,post
1302,2025-10-18,-23.529868951337004,-46.63397491093945,pre
1303,2025-12-24,-23.541547120718416,-46.62131624793464,post
1304,2025-11-11,-23.541260037684616,-46.616534897344984,post
1305,2025-11-10,-23.539977473233904,-46.6173131860596,post
1306,2025-11-07,-23.527187620969844,-46.64500546167794,pre
1307,2025-11-03,-23.52928656753994,-46.64099021093308,pre
1308,2025-10-17,-23.526876807205984,-46.64467388412207,pre
1309,2025-11-06,-23.527811984085183,-46.63719922947746,pre
1310,2025-10-25,-23.523541958761474,-46.63567842457549,pre
1311,2025-12-15,-23.54228393480043,-46.62077218223898,post
1312,2025-12-26,-23.54450160980298,-46.62508120618905,post
1313,2025-12-25,-23.549445675967004,-46.61897063591243,post
1314,2025-12-24,-23.548138714841933,-46.620154168984534,post
1315,2025-10-27,-23.523053599950714,-46.645661815732126,pre
1316,2025-11-26,-23.536358073461635,-46.62496278048378,post
1317,2025-10-31,-23.52342941573053,-46.64130097527547,pre
1318,2025-10-06,-23.52281771425016,-46.64746479044544,pre
1319,2025-11-09,-23.519478937249136,-46.64371510033513,pre
1320,2025-10-12,-23.5243700561821,-46.637222050044215,pre
1321,2025-11-22,-23.54681864826998,-46.61769709454821,post
1322,2025-12-10,-23.547485878580886,-46.61541215367817,post
1323,2025-10-10,-23.528680542193683,-46.64284597207002,pre
1324,2025-11-14,-23.54317551719595,-46.61786280092111,post
1325,2025-10-17,-23.520494571074718,-46.644807875958456,pre
1326,2025-10-26,-23.522983795677177,-46.63511896620546,pre
1327,2025-12-24,-23.543737066556538,-46.623200531000485,post
1328,2025-12-01,-23.55132013495774,-46.613466896930355,post
1329,2025-11-15,-23.545377777319697,-46.625005433996925,post
1330,2025-12-03,-23.549833320336838,-46.625012856761565,post
1331,2025-10-02,-23.52364088412032,-46.638768525889304,pre
1332,2025-11-23,-23.541791512514177,-46.62047064869059,post
1333,2025-12-04,-23.549382082358004,-46.62391976378361,post
1334,2025-11-20,-23.548826477642724,-46.618708715977895,post
1335,2025-11-22,-23.548653249915446,-46.62385698444422,post
1336,2025-11-05,-23.526950461728994,-46.64967920061238,pre
1337,2025-10-26,-23.526259685707476,-46.64342861152414,pre
1338,2025-10-29,-23.522847372562115,-46.64627946218013,pre
1339,2025-10-21,-23.530297586554937,-46.644496238598364,pre
1340,2025-10-11,-23.529694273880306,-46.64284338163275,pre
1341,2025-11-09,-23.53197980458548,-46.64542138161351,pre
1342,2025-10-11,-23.529185115009465,-46.64072897169166,pre
1343,2025-11-05,-23.528831694128876,-46.649944383034395,pre
1344,2025-11-28,-23.54520728038774,-46.6197204554389,post
1345,2025-11-08,-23.527213615579782,-46.64544529111688,pre
1346,2025-11-23,-23.547086248402337,-46.620548207870236,post
1347,2025-11-24,-23.547957794996957,-46.62231393188564,post
1348,2025-10-24,-23.524148660287338,-46.64820529231562,pre
1349,2025-10-22,-23.52653100105922,-46.65015595765119,pre
1350,2025-12-08,-23.54348828131996,-46.6249152368432,post
1351,2025-11-25,-23.540321632747876,-46.62690778923859,post
1352,2025-11-02,-23.525073762889598,-46.63811547568589,pre
1353,2025-11-05,-23.52949206820426,-46.64644753971598,pre
1354,2025-10-20,-23.52923258693313,-46.644943450753615,pre
1355,2025-12-22,-23.54233031280324,-46.62327001973555,post
1356,2025-12-20,-23.548883832900824,-46.629075014826334,post
1357,2025-12-01,-23.53799220997395,-46.61427801747834,post
1358,2025-12-12,-23.542159051842045,-46.6242415347777,post
1359,2025-10-26,-23.524156893654602,-46.63920517233003,pre
1360,2025-12-05,-23.545416992525652,-46.62083452582401,post
1361,2025-12-12,-23.53947292708204,-46.627561845428225,post
1362,2025-12-12,-23.54040630870751,-46.62223661524543,post
1363,2025-11-09,-23.529737734906032,-46.64712122589318,pre
1364,2025-10-17,-23.528994166403557,-46.6478402828804,pre
1365,2025-10-01,-23.52108583307683,-46.64103518824599,pre
1366,2025-12-28,-23.540142068985567,-46.61875052683354,post
1367,2025-11-30,-23.544155089566118,-46.62070097870654,post
1368,2025-11-12,-23.545990050555638,-46.62226312950576,post
1369,2025-11-11,-23.550032413495252,-46.61667269539584,post
1370,2025-10-25,-23.531839699858008,-46.64723444236212,pre
1371,2025-11-08,-23.520363897607115,-46.64245530846774,pre
1372,2025-11-04,-23.52586686866491,-46.64045064580893,pre
1373,2025-10-03,-23.531021012479364,-46.64857517346588,pre
1374,2025-11-13,-23.546179577386194,-46.62461344383019,post
1375,2025-11-20,-23.544699823860036,-46.619057802818794,post
1376,2025-10-12,-23.522232510856387,-46.63975564664084,pre
1377,2025-10-19,-23.529382830135066,-46.64449985631179,pre
1378,2025-11-13,-23.546987780684997,-46.62506624351605,post
1379,2025-11-28,-23.54937670045071,-46.614342750449104,post
1380,2025-11-18,-23.54435743102707,-46.62189692082642,post
1381,2025-11-30,-23.542462969733624,-46.61886501558504,post
1382,2025-10-17,-23.52304352303888,-46.64597464645347,pre
1383,2025-12-13,-23.542789111132507,-46.6246446959054,post
1384,2025-11-26,-23.545160631774955,-46.62077302973135,post
1385,2025-11-24,-23.543782064017122,-46.620558715576614,post
1386,2025-11-16,-23.54119267606982,-46.623387953563906,post
1387,2025-10-12,-23.52585497718129,-46.64603561935808,pre
1388,2025-12-01,-23.532716989736457,-46.62465145727106,post
1389,2025-12-19,-23.54720261061738,-46.61746940769195,post
1390,2025-12-27,-23.546117860574004,-46.6174678154892,post
1391,2025-12-22,-23.543787909625095,-46.622612757066214,post
1392,2025-10-08,-23.528658266047373,-46.64615534624655,pre
1393,2025-10-21,-23.527576963007537,-46.64369758527338,pre
1394,2025-12-20,-23.547727524973695,-46.62143692972075,post
1395,2025-12-26,-23.54877646117067,-46.61797639513362,post
1396,2025-12-19,-23.54061055040216,-46.623817300760834,post
1397,2025-12-09,-23.54744069222046,-46.62028833277196,post
1398,2025-12-11,-23.539338535627873,-46.61505334534299,post
1399,2025-10-25,-23.530608228169708,-46.638974780681394,pre
1400,2025-12-21,-23.54464621335174,-46.62116875880184,post
1401,2025-12-28,-23.5423811505374,-46.622923829881664,post
1402,2025-10-12,-23.523109898103673,-46.63730415091292,pre
1403,2025-10-15,-23.522016147167392,-46.65037565915306,pre
1404,2025-11-28,-23.545318629074913,-46.62874092233923,post
1405,2025-10-26,-23.52869584018583,-46.65258999548452,pre
1406,2025-10-26,-23.52504920009608,-46.64212276145768,pre
1407,2025-11-16,-23.546130404426226,-46.624164592442206,post
1408,2025-11-01,-23.525457905126938,-46.64704568828549,pre
1409,2025-10-10,-23.529638386344303,-46.64780966480774,pre
1410,2025-10-16,-23.527011522792215,-46.64532923027813,pre
1411,2025-12-10,-23.545936952073856,-46.61891276503993,post
1412,2025-10-17,-23.52351011018542,-46.637198076860415,pre
1413,2025-10-23,-23.526219589066095,-46.64160964358975,pre
1414,2025-10-26,-23.525833460928606,-46.64969674279526,pre
1415,2025-12-24,-23.545878788223884,-46.622460392890964,post
1416,2025-12-25,-23.546443251303078,-46.62116375731448,post
1417,2025-10-07,-23.52705844165964,-46.6469453070557,pre
1418,2025-10-14,-23.52685307786154,-46.64555620158834,pre
1419,2025-12-18,-23.554876970907667,-46.62658827568124,post
1420,2025-10-07,-23.52613325702256,-46.638632434743386,pre
1421,2025-10-09,-23.533681609773033,-46.646481566535016,pre
1422,2025-11-17,-23.54267418466402,-46.61748721814499,post
1423,2025-12-11,-23.546080454246304,-46.623731129433686,post
1424,2025-11-28,-23.53952115700044,-46.61781562917601,post
1425,2025-12-26,-23.540965526407696,-46.62287225600996,post
1426,2025-12-21,-23.539945223049266,-46.62878027493146,post
1427,2025-11-08,-23.523006309725023,-46.64326612861377,pre
1428,2025-10-18,-23.526013197426256,-46.64678101063231,pre
1429,2025-11-28,-23.551656105392432,-46.62056918340883,post
1430,2025-10-17,-23.524745816351224,-46.64018923046073,pre
1431,2025-10-14,-23.524615664212526,-46.641527353219786,pre
1432,2025-10-31,-23.529171359308577,-46.63993009570992,pre
1433,2025-10-24,-23.529506867042425,-46.63857174305574,pre
1434,2025-11-29,-23.544735927475223,-46.62120283687946,post
1435,2025-11-14,-23.54093629352678,-46.61699412549787,post
1436,2025-10-03,-23.52408808396315,-46.64628183139823,pre
1437,2025-11-06,-23.524111991348683,-46.64625915843988,pre
1438,2025-11-12,-23.54124839439309,-46.62670065278425,post
1439,2025-11-09,-23.526681040185814,-46.646283564558026,pre
1440,2025-12-29,-23.54092025739021,-46.61653933290365,post
1441,2025-11-24,-23.543604013944833,-46.62033556342425,post
1442,2025-12-26,-23.541583291510076,-46.61651554048021,post
1443,2025-11-08,-23.526288066476013,-46.64499870129979,pre
1444,2025-10-15,-23.524458197540678,-46.650434909484375,pre
1445,2025-10-04,-23.523671045381324,-46.64584074779777,pre
1446,2025-12-25,-23.54536091146509,-46.61733579470753,post
1447,2025-10-25,-23.52764652854917,-46.6404103644857,pre
1448,2025-10-13,-23.522983273737776,-46.64255986763981,pre
1449,2025-12-21,-23.543154207376702,-46.621477743495774,post
1450,2025-11-02,-23.526053206008807,-46.6474656191198,pre
1451,2025-10-16,-23.527281214259673,-46.64815282242793,pre
1452,2025-11-11,-23.54799506889811,-46.62901179608269,post
1453,2025-12-05,-23.54334428738598,-46.61423359133849,post
1454,2025-11-24,-23.54622442294056,-46.61713946563771,post
1455,2025-11-11,-23.53989722873593,-46.625796548937394,post
1456,2025-11-03,-23.52935138175307,-46.63903680764659,pre
1457,2025-10-30,-23.526677024088976,-46.6481631554646,pre
1458,2025-10-13,-23.528310578760784,-46.64132135902075,pre
1459,2025-10-13,-23.528781810022313,-46.65409814746174,pre
1460,2025-10-18,-23.52736603953162,-46.643963972775424,pre
1461,2025-11-01,-23.526372320697565,-46.637964466506844,pre
1462,2025-11-08,-23.526239431606303,-46.6420282505823,pre
1463,2025-11-15,-23.5401778521054,-46.62095862393666,post
1464,2025-10-29,-23.51999043776413,-46.64805483317592,pre
1465,2025-12-01,-23.54813659085243,-46.61854416636692,post
1466,2025-12-01,-23.539382745868245,-46.621803179987474,post
1467,2025-11-26,-23.548442484683157,-46.6139560416591,post
1468,2025-10-16,-23.528777106684412,-46.641643782195466,pre
1469,2025-11-25,-23.539143392754607,-46.62276642089368,post
1470,2025-10-10,-23.52826638351177,-46.64521475096812,pre
1471,2025-10-30,-23.523695346230273,-46.63875940917919,pre
1472,2025-10-25,-23.526298823824714,-46.63546767098772,pre
1473,2025-12-23,-23.54427213376292,-46.61583066714333,post
1474,2025-10-05,-23.52769600481275,-46.63366497386518,pre
1475,2025-12-04,-23.53811947433768,-46.62151189854212,post
1476,2025-11-18,-23.538661839165133,-46.615464078035316,post
1477,2025-10-03,-23.521740876771123,-46.65292794534288,pre
1478,2025-11-14,-23.541522594202835,-46.61883080492278,post
1479,2025-10-14,-23.524986780157167,-46.64212661426641,pre
1480,2025-10-30,-23.525656566161455,-46.637867438778805,pre
1481,2025-12-07,-23.542242106505228,-46.62013237422507,post
1482,2025-10-18,-23.522981856955493,-46.64132789528635,pre
1483,2025-12-01,-23.542345726290588,-46.61353185156476,post
1484,2025-11-06,-23.527703442137646,-46.649062841353604,pre
1485,2025-10-25,-23.526182909467025,-46.642141826620175,pre
1486,2025-11-17,-23.54151388388217,-46.62057073634136,post
1487,2025-12-04,-23.54137952302411,-46.61098153327892,post
1488,2025-11-22,-23.54119394272449,-46.617090738795795,post
1489,2025-12-18,-23.54491812563089,-46.626541028358034,post
1490,2025-12-12,-23.553592446348517,-46.623074722328546,post
1491,2025-10-15,-23.534141114967895,-46.640945803899925,pre
1492,2025-11-18,-23.5459312679377,-46.6262534994659,post
1493,2025-12-27,-23.543876503520206,-46.62395452877457,post
1494,2025-12-07,-23.542596894985397,-46.618169494680714,post
1495,2025-10-12,-23.528505502488965,-46.643949124724365,pre
1496,2025-11-28,-23.543540416984648,-46.626628168854175,post
1497,2025-11-06,-23.52575557743137,-46.648724074592316,pre
1498,2025-11-30,-23.542137132081788,-46.622740654650514,post
1499,2025-11-12,-23.550146170936177,-46.623319894396566,post
1500,2025-12-09,-23.546550698324772,-46.61672591646646,post
